IDtransaction;IDcustomer;Date;Revenue
1;47;26/2/18;64,56
2;5;18/8/18;26,53
3;81;9/2/18;71,51
4;77;30/6/19;64,38
5;89;1/7/20;6,22
6;79;25/11/17;12,4
7;83;3/11/20;47,93
8;62;22/4/19;1,11
9;39;7/11/18;16,53
10;70;11/9/20;48,08
11;80;23/7/19;62,09
12;20;7/9/20;15,22
13;8;15/11/17;13,39
14;22;7/10/17;29,12
15;14;7/6/17;73,76
16;50;24/6/17;19,23
17;19;16/12/17;25,62
18;77;16/2/20;50,77
19;56;1/4/20;5,27
20;54;12/7/20;29,17
21;94;1/3/18;42,2
22;41;3/2/18;47,67
23;16;18/10/18;54,13
24;65;6/4/18;31,47
25;23;26/8/19;28,45
26;94;25/6/18;36,7
27;23;13/12/20;47,6
28;21;17/6/18;20
29;99;13/9/19;41,89
30;7;8/2/20;22,86
31;30;7/9/19;102,6
32;49;11/10/17;25,83
33;24;6/3/20;69,29
34;75;25/5/20;81,25
35;84;26/12/18;30,21
36;24;6/1/19;66,94
37;44;24/4/17;28,9
38;45;30/4/20;11,5
39;64;6/12/17;31,28
40;9;27/1/18;18,23
41;93;18/12/17;5,54
42;52;1/8/17;6,01
43;53;27/9/20;36,94
44;10;9/1/19;13,05
45;29;26/12/20;14,58
46;55;18/2/17;66,46
47;61;18/6/17;5
48;16;8/10/19;27,51
49;62;11/3/20;36,26
50;89;10/7/19;19,04
51;17;15/5/19;23,95
52;53;24/3/20;83,29
53;90;26/3/17;12,97
54;98;21/2/18;54,83
55;78;9/4/18;7,87
56;11;19/9/17;21,6
57;59;26/7/20;46,13
58;23;29/3/18;40,88
59;29;22/5/17;1,61
60;83;30/10/19;28,52
61;71;29/12/19;34,38
62;54;4/10/20;3,89
63;50;14/6/18;25,38
64;4;5/11/19;102,57
65;55;26/12/17;31,2
66;60;23/11/17;7,91
67;39;21/12/17;43,76
68;55;5/12/18;37,18
69;75;7/4/19;14,33
70;63;2/7/20;30,07
71;22;13/3/18;128,31
72;38;23/10/19;34,04
73;98;1/4/19;22,73
74;89;11/1/19;39,16
75;26;2/5/18;32,52
76;19;1/3/19;83,12
77;19;18/9/17;7,26
78;88;18/11/18;46,52
79;1;12/2/20;22,9
80;3;23/5/17;24,67
81;32;25/6/18;48,68
82;3;3/3/18;20,65
83;67;15/9/20;37,83
84;87;26/2/20;45,63
85;12;16/1/19;7,99
86;86;19/10/19;0,5
87;65;7/4/18;23,72
88;32;24/7/19;8,94
89;13;27/4/17;67,01
90;25;27/6/18;49,73
91;93;21/1/17;38,4
92;95;26/5/17;40,77
93;1;25/2/19;30,01
94;1;9/3/19;44,82
95;19;23/7/19;10,68
96;87;4/9/17;8,82
97;22;24/3/19;30,21
98;64;24/5/20;7,42
99;97;13/10/19;16,81
100;83;12/7/20;5,91
101;51;8/8/18;43,59
102;23;12/1/17;61,31
103;24;28/8/18;20,62
104;73;2/12/19;3,67
105;68;12/10/18;37,1
106;53;23/3/19;66,41
107;67;2/12/20;12,55
108;11;20/6/20;33,57
109;64;25/7/18;1,7
110;44;25/5/18;5,44
111;8;10/11/19;40,84
112;87;11/2/17;64,41
113;87;15/5/19;31,08
114;63;30/5/19;54,88
115;33;9/9/18;22,78
116;75;11/11/17;57,6
117;50;2/7/17;22,47
118;60;18/6/17;73,04
119;98;10/12/20;4,4
120;51;23/4/19;17,8
121;98;1/11/20;15,83
122;90;5/5/17;33,78
123;19;25/10/18;26,33
124;63;19/7/20;1,21
125;47;17/12/20;48,17
126;59;4/10/17;13,72
127;37;15/8/18;6,03
128;58;6/8/18;34,29
129;59;5/12/18;31,98
130;43;17/11/19;2,89
131;8;15/8/18;38,87
132;7;21/4/17;20,4
133;71;16/8/18;95,7
134;10;13/11/17;51,51
135;18;19/2/20;38,48
136;36;7/11/20;15,97
137;54;19/3/18;27,86
138;52;12/9/20;36,99
139;73;20/10/18;51,56
140;62;11/11/18;55,43
141;90;15/4/18;39,26
142;80;9/6/20;35,42
143;30;6/11/18;10,38
144;93;20/12/18;30,47
145;24;10/4/19;58,37
146;19;18/6/18;26,69
147;10;10/12/19;42,6
148;98;28/2/18;10,66
149;61;19/5/20;22,95
150;36;11/9/19;3,3
151;78;27/3/18;58,95
152;88;30/7/19;1,5
153;15;29/9/20;44,98
154;75;4/11/20;16,39
155;25;9/9/19;18
156;4;9/6/17;28,4
157;62;16/10/18;24,2
158;32;8/9/20;41,8
159;92;1/5/17;42,59
160;4;4/2/17;27,54
161;88;20/5/20;1,38
162;47;26/11/18;55,82
163;67;7/4/18;2,35
164;13;4/4/20;63,03
165;83;4/6/17;80,01
166;72;7/6/19;4,32
167;53;23/5/19;12,7
168;65;12/5/20;106,28
169;56;14/10/18;3,2
170;45;24/3/19;29,16
171;26;14/7/20;10,31
172;46;28/10/19;14,57
173;98;13/4/18;55,08
174;69;27/6/18;23,27
175;45;21/2/18;5,5
176;70;24/8/17;21,21
177;10;4/11/18;52,46
178;83;17/5/20;10,44
179;57;30/10/18;23,06
180;46;17/5/17;39,66
181;54;2/6/18;42,92
182;82;18/5/17;31,64
183;94;20/8/19;51,24
184;46;18/2/20;18,88
185;6;5/7/17;5,21
186;46;27/1/20;18,47
187;100;20/2/19;13,98
188;7;27/10/20;13,25
189;79;12/1/19;4,12
190;69;28/9/18;53,62
191;48;14/8/17;41,34
192;18;27/10/19;53,62
193;92;11/3/19;15,89
194;99;10/11/18;20,81
195;88;7/1/20;15,31
196;63;4/9/19;27,05
197;36;7/6/18;13,61
198;65;15/7/20;21,23
199;53;23/2/20;7,86
200;47;15/9/19;21,04
201;41;17/12/17;46,74
202;42;10/12/19;44,91
203;99;8/1/19;62,38
204;68;24/8/19;3,31
205;93;4/7/17;48,6
206;30;9/2/18;34,12
207;23;2/1/18;54,82
208;71;7/6/18;3,4
209;94;1/2/18;9,17
210;33;10/12/19;22,84
211;22;23/11/19;24,99
212;35;17/4/19;29,16
213;38;4/1/20;16,64
214;19;19/11/19;52,2
215;67;2/1/17;4,32
216;53;22/1/20;28,87
217;89;6/5/18;0,63
218;63;25/11/20;3,46
219;96;30/4/17;4,77
220;55;11/12/19;13,37
221;59;25/8/18;26,82
222;42;12/8/18;26,31
223;61;13/8/20;9,82
224;20;3/7/18;42,92
225;34;23/2/19;16,33
226;10;9/9/19;23,18
227;11;10/8/18;50,62
228;2;22/8/19;30,91
229;52;26/8/19;26,02
230;29;30/5/20;43,55
231;65;13/7/18;18,53
232;56;8/4/18;9,22
233;94;4/10/17;29,92
234;28;26/12/20;7,29
235;68;28/6/19;44,36
236;100;7/7/20;102,29
237;32;23/7/18;22,88
238;88;2/8/18;71,21
239;52;27/10/17;28,32
240;35;30/4/20;56,74
241;97;15/4/18;40,87
242;97;2/9/18;72,77
243;49;7/7/19;7,09
244;93;14/6/20;50,54
245;93;27/10/19;43,53
246;94;18/8/17;4,82
247;79;24/9/17;0,29
248;100;27/5/19;7,69
249;73;16/12/20;58,36
250;99;12/8/20;46,51
251;66;1/6/18;17,74
252;70;18/2/20;16,31
253;22;20/9/20;7,06
254;62;26/4/18;49,54
255;45;15/4/18;14,52
256;54;16/7/19;40,24
257;41;23/3/19;99,02
258;52;4/5/20;82,52
259;24;4/1/18;45,08
260;81;27/7/17;16,74
261;31;15/7/18;21,77
262;7;26/3/17;0,36
263;61;6/8/17;51,87
264;35;8/2/17;21,35
265;50;7/2/19;67,9
266;64;24/10/17;18,39
267;1;30/8/17;6,51
268;60;3/5/18;25,29
269;18;29/12/18;0,99
270;5;17/9/18;40,17
271;83;17/1/19;67,52
272;78;12/7/20;22,77
273;51;28/4/17;1,87
274;22;8/6/19;0,18
275;32;29/4/18;12,78
276;19;17/10/19;82,31
277;87;17/6/19;69,7
278;97;18/5/19;2,09
279;15;10/12/19;37,85
280;52;13/8/18;0,07
281;24;24/5/19;49,47
282;97;15/6/19;65,48
283;88;15/10/18;2,33
284;14;3/6/18;39,57
285;67;3/11/17;15,06
286;95;9/10/20;1,47
287;34;20/1/20;74,31
288;81;28/8/20;61,01
289;42;23/10/20;6,25
290;87;25/12/19;14,71
291;21;20/10/18;34,72
292;84;8/11/20;52,69
293;59;30/9/18;37,7
294;80;23/9/18;19,8
295;77;28/6/17;11,75
296;59;24/12/17;76,61
297;81;2/1/20;17,83
298;1;7/1/20;14,32
299;41;3/12/17;54,51
300;38;24/7/20;24,53
301;6;12/7/19;1,8
302;36;22/1/17;40,35
303;69;28/11/19;55,81
304;58;10/3/19;42,71
305;95;16/1/17;51,3
306;95;16/2/19;6,7
307;68;13/12/18;10,3
308;10;13/1/17;22,11
309;76;13/8/19;23,53
310;77;12/8/20;28,86
311;30;7/6/17;24,18
312;83;16/2/17;17,69
313;68;19/6/17;112,47
314;57;17/12/19;39,84
315;26;10/2/20;4,02
316;70;17/9/17;30,81
317;89;25/11/18;58,99
318;32;14/1/20;27,2
319;68;20/9/20;21,5
320;90;14/9/18;9,03
321;75;27/1/20;82,68
322;100;9/5/17;25,89
323;92;10/10/19;18,54
324;95;29/7/19;43,13
325;65;20/11/18;59,47
326;88;13/1/17;6,17
327;2;2/5/19;62,08
328;39;8/3/20;21,74
329;7;30/3/20;3,12
330;89;6/3/17;54,06
331;98;15/2/17;29,04
332;61;3/1/19;2,76
333;25;20/8/20;8,4
334;5;6/8/20;65,27
335;91;2/5/19;14,45
336;44;24/7/20;79,69
337;17;10/7/17;20,82
338;93;13/11/19;18,57
339;31;26/5/19;39,43
340;59;19/3/17;93,21
341;48;17/8/18;86,11
342;63;23/4/20;1,27
343;21;3/7/18;100,72
344;84;19/11/17;29,59
345;10;20/12/19;23,08
346;49;1/3/19;22,17
347;10;24/3/17;67,98
348;66;14/6/18;48,83
349;86;9/2/18;56,86
350;8;18/3/17;19,95
351;1;15/11/19;25,02
352;77;1/7/19;1,72
353;98;22/6/17;20,28
354;54;23/1/17;58,22
355;8;19/9/18;0,8
356;48;9/1/20;0,88
357;80;6/12/17;11,92
358;94;2/6/19;27,7
359;48;30/6/19;6,99
360;90;24/3/18;8,25
361;11;18/1/18;35,15
362;84;24/3/20;83,96
363;81;2/3/19;45,97
364;80;13/11/19;33,22
365;55;24/9/20;22,18
366;23;11/12/17;59,83
367;41;3/3/17;65,9
368;83;21/3/17;32,64
369;9;15/4/18;22,97
370;54;16/6/18;20,14
371;5;21/9/20;19,41
372;54;10/12/20;5,08
373;92;23/12/17;6,08
374;18;3/11/17;33,72
375;6;22/9/20;38,46
376;11;24/8/20;16,43
377;57;1/10/17;17,57
378;62;17/4/20;47,31
379;25;13/3/18;51,6
380;49;6/1/20;29,48
381;64;15/11/18;23,41
382;49;21/5/20;23,38
383;12;3/3/20;9,59
384;48;15/6/18;27,48
385;76;27/7/20;54,37
386;19;17/5/20;17,38
387;67;6/4/20;22,41
388;7;29/12/19;80,95
389;79;4/8/20;7,27
390;5;20/4/19;22,17
391;58;15/2/19;12,68
392;23;19/7/19;59,16
393;88;3/11/20;29,58
394;77;27/2/18;6,24
395;20;20/8/19;25,58
396;21;5/4/19;61,28
397;96;26/2/19;20,87
398;83;6/8/17;22,03
399;5;13/8/20;5,67
400;57;16/8/17;64,91
401;33;18/11/19;6,94
402;16;1/4/17;32,46
403;55;4/6/17;61,86
404;84;24/8/17;20,31
405;62;12/2/19;35,31
406;18;29/1/18;53,1
407;85;30/3/19;14,64
408;43;11/12/17;43,89
409;77;15/8/17;54,86
410;27;22/12/19;62,3
411;91;13/9/20;15,6
412;8;4/1/19;43,43
413;57;24/10/18;38,83
414;51;20/6/18;5,11
415;71;7/5/20;29,67
416;2;21/8/18;82,53
417;47;17/12/18;20,03
418;33;23/8/17;29,73
419;11;9/6/20;24,8
420;50;26/7/18;27,96
421;80;15/3/18;5,48
422;10;4/4/19;25,23
423;57;12/6/17;18,28
424;45;12/12/19;11,91
425;74;4/11/17;15,32
426;93;11/6/19;57,03
427;45;30/8/19;19,3
428;2;23/8/18;23,43
429;20;20/8/17;80,59
430;35;22/5/18;111,86
431;4;16/2/18;22,7
432;92;16/7/18;7,43
433;63;3/6/18;60,32
434;39;13/7/20;6,98
435;72;11/10/17;11,41
436;93;1/1/17;25,49
437;6;17/9/20;17,05
438;100;6/11/20;25,66
439;18;12/2/20;2,42
440;26;13/7/20;62,41
441;42;25/2/20;50,1
442;35;16/9/18;44,03
443;45;6/11/20;20,28
444;32;16/8/17;14,71
445;83;25/2/17;48,46
446;77;10/8/17;57,35
447;38;9/8/17;10,4
448;42;14/8/19;12,42
449;25;20/1/20;39,23
450;54;2/3/19;35,87
451;63;19/2/17;10,86
452;47;25/12/20;22,52
453;94;4/12/17;18,18
454;13;7/8/18;35,95
455;60;19/3/18;5,96
456;11;23/1/17;14,99
457;82;17/11/17;15,8
458;27;27/2/18;49,5
459;28;8/11/17;43,98
460;94;10/11/18;60,55
461;73;30/3/20;26,85
462;34;13/8/20;20,38
463;7;24/12/20;5,56
464;51;20/6/20;15,84
465;40;8/10/17;51,67
466;13;24/8/18;18,59
467;11;30/5/20;56,1
468;56;12/2/20;20,93
469;78;12/3/19;23,22
470;88;9/5/20;4,1
471;22;27/7/17;41,53
472;80;14/5/19;12,24
473;50;1/1/17;18,86
474;29;25/3/20;20,67
475;90;17/8/20;17,84
476;80;20/7/17;26,46
477;33;9/10/20;16,35
478;22;3/5/19;2,97
479;71;5/6/18;9,34
480;66;28/8/18;37,59
481;27;14/3/18;35,06
482;5;12/7/19;66,96
483;28;10/8/20;25,1
484;44;13/11/17;1,74
485;62;28/12/19;19,51
486;46;5/8/19;86,25
487;94;2/3/17;15,19
488;59;30/5/19;4,64
489;86;19/4/17;24,06
490;41;19/11/20;29,67
491;72;17/1/20;68,94
492;76;8/7/18;4,97
493;85;13/2/20;52,7
494;86;27/10/19;4,12
495;48;4/7/19;70,9
496;64;18/9/19;12,66
497;71;19/4/19;26,37
498;63;19/3/20;26,35
499;78;15/8/17;58,61
500;38;5/1/17;12,82
501;64;17/8/17;64,43
502;35;20/6/18;45,34
503;39;1/6/20;56,29
504;53;26/6/20;66,55
505;38;2/3/18;13,8
506;8;17/2/20;42,94
507;85;13/8/20;26,52
508;99;22/3/20;2,2
509;4;20/3/19;22,37
510;62;8/1/18;10,94
511;93;20/9/17;34,56
512;93;7/11/19;1,9
513;20;26/12/20;25,47
514;87;28/9/17;41,19
515;62;12/1/19;68,98
516;39;26/7/17;16,74
517;51;18/6/20;1,43
518;38;13/10/20;42,17
519;74;24/11/19;66,31
520;69;12/12/17;25,54
521;34;4/7/19;31,42
522;92;27/10/17;22,55
523;18;28/10/18;24,63
524;31;22/3/17;13,53
525;94;12/12/19;54,3
526;6;16/1/17;37,74
527;48;8/6/17;49,3
528;67;2/2/20;69,28
529;49;11/6/20;6,21
530;2;2/4/18;21
531;34;30/8/20;36,14
532;68;16/8/18;42,18
533;84;3/6/18;17,59
534;17;14/2/18;46,41
535;99;1/6/17;57,17
536;38;13/4/17;9,71
537;19;13/9/20;24,79
538;47;29/10/19;24,37
539;2;10/1/17;113,46
540;27;20/1/20;24,09
541;87;7/8/17;13,52
542;71;3/11/20;33,37
543;8;5/11/17;87,18
544;86;2/2/17;57,64
545;46;23/1/20;8,02
546;55;13/11/19;42,01
547;93;17/4/18;82,16
548;36;7/7/17;4,49
549;3;2/12/20;23,83
550;94;1/5/20;41,2
551;27;12/12/18;14,78
552;98;7/11/19;37,28
553;58;25/7/18;31,23
554;51;27/7/18;18,6
555;12;7/9/17;31,45
556;46;4/2/18;52,99
557;97;10/10/20;101,12
558;43;22/4/19;15,04
559;59;9/2/18;62,52
560;9;27/6/19;20,59
561;79;14/9/19;33,23
562;85;20/5/18;85,49
563;4;17/5/19;19,91
564;50;13/11/18;21,3
565;56;3/8/18;23,45
566;20;1/3/17;11,45
567;88;30/7/18;34,65
568;49;21/6/20;68,76
569;22;19/10/19;29,8
570;52;24/10/20;21,91
571;71;28/7/20;15,76
572;85;18/5/18;57,76
573;77;19/12/20;40,87
574;70;28/1/19;11,62
575;18;23/7/18;50,13
576;93;5/7/19;1,26
577;73;11/6/17;44,1
578;65;27/6/18;6,77
579;2;23/2/20;35,4
580;84;3/2/18;81
581;37;3/2/19;0,18
582;34;26/9/19;2,12
583;75;27/4/17;21,55
584;64;12/11/20;55,71
585;4;24/4/20;25,59
586;77;4/7/19;60,15
587;49;2/5/20;2,86
588;78;18/6/17;58,08
589;55;23/4/19;9,41
590;67;7/1/18;29,2
591;26;10/4/19;20,94
592;3;30/11/18;52,38
593;83;4/11/18;29,25
594;76;11/11/17;16,73
595;10;24/4/18;34,19
596;70;19/12/19;50,19
597;45;15/3/20;25,9
598;46;7/10/19;26,29
599;43;13/3/19;3,29
600;27;6/12/17;34,22
601;70;22/11/19;10,45
602;67;3/5/19;61,48
603;39;30/4/18;8,14
604;22;3/5/18;63,27
605;20;27/4/17;87,94
606;31;1/5/18;44,51
607;56;25/7/20;83,43
608;55;16/9/19;31,6
609;94;18/4/20;45,32
610;48;29/5/20;35,43
611;37;18/5/18;14,62
612;55;5/11/17;55,48
613;9;30/6/17;19,25
614;80;28/1/20;78,43
615;3;8/11/19;20,62
616;62;20/12/19;10,34
617;16;19/9/17;45,73
618;32;15/3/20;10,95
619;22;28/2/20;22,03
620;2;15/4/19;19,28
621;53;30/7/19;18,37
622;88;22/8/20;38,63
623;82;5/7/17;62,42
624;48;19/10/19;30,45
625;97;4/10/19;27,74
626;49;12/4/19;28,9
627;76;30/3/19;24,02
628;63;28/9/18;65,76
629;96;4/4/17;79,8
630;86;3/4/20;11,63
631;54;17/7/17;19,52
632;74;14/6/17;56,7
633;71;20/7/17;5,23
634;60;24/11/19;50,68
635;18;26/4/19;33,32
636;60;30/3/17;65,78
637;9;6/5/19;11,74
638;81;28/11/17;46,93
639;60;12/10/20;40,91
640;3;3/10/18;71,92
641;35;8/7/17;84,07
642;68;21/5/17;50,99
643;33;4/9/18;14,67
644;80;17/12/19;30,71
645;86;6/6/18;32,44
646;32;3/2/20;79,53
647;30;8/2/18;53,86
648;12;24/11/17;54,97
649;20;9/4/20;8,8
650;66;12/2/20;59,87
651;39;20/5/17;50,13
652;30;9/12/19;76,36
653;11;22/3/19;57,92
654;81;27/4/17;20,66
655;73;13/4/17;16,29
656;31;30/5/17;11,74
657;29;26/3/19;34,58
658;86;10/2/18;40,42
659;39;20/2/20;18,54
660;55;4/9/17;5,08
661;71;19/10/20;40,3
662;71;29/5/19;13,28
663;36;19/12/19;22,73
664;64;17/12/19;44,73
665;83;30/12/19;35,77
666;5;15/2/18;31,63
667;24;2/8/19;69,59
668;14;18/2/18;2,75
669;96;14/7/20;13,69
670;60;11/1/18;41,12
671;35;25/1/19;52,57
672;16;1/9/17;17,66
673;36;3/8/18;1,32
674;42;14/9/17;46,04
675;8;6/7/18;35,24
676;71;23/12/20;83,47
677;32;30/6/19;34,23
678;85;5/1/19;15,6
679;21;4/12/20;37,04
680;24;3/12/19;76,1
681;60;25/11/17;29,38
682;85;17/3/20;10,18
683;35;5/7/20;9,4
684;55;15/5/19;12,87
685;22;8/3/17;14,74
686;87;8/10/19;11,02
687;72;6/7/17;23,33
688;2;15/7/19;28,43
689;49;6/3/20;36,26
690;58;3/3/18;27,2
691;54;19/1/20;14,65
692;16;28/9/17;23,09
693;43;29/11/18;25,41
694;99;16/9/20;26,02
695;74;18/12/19;37,38
696;88;13/9/18;24,18
697;15;26/6/20;36,94
698;69;12/1/19;58,12
699;71;26/1/19;27,36
700;74;11/7/20;32,75
701;29;23/10/18;56,35
702;40;6/5/20;69,47
703;35;17/3/18;30,15
704;12;30/6/20;32,49
705;27;10/3/19;23,58
706;18;17/2/18;39,42
707;52;11/4/19;38,03
708;5;27/9/19;20,45
709;39;17/8/19;58,36
710;95;10/6/19;72,84
711;26;12/11/18;26,7
712;16;18/10/19;42,99
713;79;30/10/17;24,78
714;18;29/12/18;4,64
715;24;18/6/19;26,51
716;55;18/4/20;74,36
717;86;20/10/20;9,62
718;2;1/5/20;41,65
719;26;15/9/18;33,43
720;26;12/1/20;50,18
721;51;24/5/20;48,02
722;16;13/7/17;33,74
723;28;2/2/17;56,89
724;93;1/9/17;3,66
725;8;30/10/18;41,75
726;83;5/8/20;23,13
727;7;9/11/17;7,16
728;77;12/12/19;30,08
729;60;14/2/20;4,18
730;70;1/12/18;22
731;34;22/3/18;34,81
732;12;23/1/17;33,49
733;31;18/3/18;30,07
734;67;28/9/17;101,92
735;49;13/11/20;9,84
736;45;12/2/19;33,96
737;26;7/8/20;48,73
738;10;11/9/19;26,16
739;62;21/1/18;14,27
740;33;9/9/18;12,34
741;30;23/9/19;19,6
742;60;18/7/17;32,55
743;90;30/3/18;17,58
744;89;22/12/18;35,21
745;100;23/7/19;26,17
746;51;29/4/20;77,73
747;90;20/12/19;59,79
748;7;9/4/20;49,61
749;73;19/9/17;102,82
750;11;22/2/17;12,25
751;80;10/1/18;33,29
752;37;27/2/20;10,37
753;31;23/11/20;5,06
754;33;16/9/17;19,63
755;89;2/1/18;70
756;11;14/3/20;10,46
757;95;25/3/19;54,21
758;10;4/6/20;17,95
759;44;28/11/19;14,33
760;60;17/8/20;9,51
761;24;24/5/18;37,22
762;82;28/11/20;69,92
763;26;9/5/19;6,21
764;8;6/3/20;19,25
765;73;21/4/20;11,94
766;74;18/6/17;21,52
767;70;5/6/20;11,08
768;44;15/6/17;33,14
769;26;30/9/20;18,21
770;65;12/9/19;39,84
771;51;1/7/17;57,13
772;32;6/8/19;6,33
773;57;23/5/17;21,32
774;36;28/6/20;0,91
775;11;24/4/19;2,01
776;5;13/8/18;5,04
777;45;21/4/20;9,53
778;41;13/8/18;3,38
779;16;26/7/18;54,6
780;33;6/2/18;25,24
781;98;19/10/18;3,97
782;62;22/7/18;53,74
783;88;12/12/20;47,16
784;53;20/1/17;39,67
785;31;20/5/19;44,01
786;59;1/7/20;58,12
787;30;13/11/17;77,08
788;79;4/2/18;43,77
789;6;8/2/18;78,63
790;78;19/6/19;22,23
791;38;8/12/19;18,21
792;66;9/5/18;63,9
793;58;21/11/20;24,35
794;21;25/11/19;22,2
795;4;16/10/18;70,47
796;41;22/7/20;22,29
797;26;4/4/18;18,2
798;61;23/6/20;4,59
799;84;17/2/18;76,51
800;1;22/6/17;116,1
801;38;1/12/18;3,28
802;41;25/4/18;10,52
803;100;19/10/19;12,21
804;53;2/6/18;38,18
805;31;4/10/17;69,38
806;9;26/11/17;51,14
807;72;8/8/17;57,36
808;35;28/1/17;38,12
809;51;15/8/18;24,97
810;51;10/3/20;9,96
811;18;7/11/17;12,62
812;43;27/12/18;32,42
813;65;19/8/17;46,2
814;52;29/10/20;17,29
815;41;11/8/18;50,12
816;5;8/11/20;6,26
817;59;28/1/17;52,13
818;15;30/11/18;21,49
819;72;21/3/18;3,23
820;2;1/3/17;4,32
821;4;11/12/17;18,09
822;41;9/5/18;14,95
823;66;13/12/17;28,7
824;60;29/4/19;60,94
825;27;17/9/18;45,1
826;27;3/4/19;58,45
827;37;12/8/19;66,09
828;23;26/3/20;19,44
829;93;1/4/17;11,77
830;41;16/10/20;38,5
831;80;21/2/18;1,15
832;72;29/7/19;5,03
833;20;18/7/19;15,16
834;40;8/9/20;60,61
835;76;6/1/20;10,62
836;30;8/9/17;28,84
837;89;3/11/17;23,49
838;89;12/3/18;66,56
839;71;1/12/17;54,68
840;72;10/6/20;56,36
841;69;17/7/20;23,59
842;35;6/3/19;19,03
843;80;8/4/20;30,7
844;95;23/10/18;30,92
845;29;5/9/17;23,82
846;14;7/2/20;23,28
847;16;27/8/20;50,88
848;7;28/3/17;57,26
849;94;21/5/18;27,39
850;88;12/7/17;40,67
851;5;3/3/17;6,68
852;19;19/10/19;54,42
853;10;15/2/18;17,68
854;94;5/4/17;38,3
855;49;5/7/18;46,36
856;3;1/11/19;37,53
857;73;5/6/18;21,61
858;98;7/7/19;3,87
859;74;3/10/17;82,74
860;97;14/12/18;9,4
861;80;14/1/20;11,07
862;3;15/8/19;72,58
863;18;23/2/18;52,57
864;39;18/3/20;34,09
865;29;29/10/19;14,09
866;37;2/4/19;45,12
867;53;29/12/19;31,93
868;26;25/9/18;3,19
869;72;28/8/17;97,8
870;33;18/4/19;18,98
871;67;2/2/20;33,54
872;51;18/12/17;22,91
873;15;20/12/19;58,47
874;66;11/1/20;4,2
875;97;5/9/20;9,85
876;37;6/5/18;18,01
877;13;3/3/19;11,77
878;15;10/2/18;20,67
879;68;28/6/20;40,88
880;64;8/8/20;1,15
881;83;19/4/17;80,44
882;71;12/12/17;6,15
883;87;3/4/19;43,58
884;22;28/6/19;29,47
885;21;17/11/19;43,92
886;62;17/11/19;53,19
887;67;25/1/19;10,35
888;15;7/7/20;31,7
889;41;14/5/18;53,05
890;54;6/6/20;34,4
891;5;8/9/19;16,31
892;28;9/10/17;0,53
893;77;25/12/20;11,01
894;39;2/3/17;42,44
895;75;4/1/19;86,82
896;84;5/2/18;31,54
897;57;11/6/20;49,83
898;6;21/11/18;83,86
899;13;20/9/20;37,73
900;69;28/4/20;97,19
901;76;24/11/17;33,69
902;13;25/7/19;20,49
903;64;25/5/20;82,1
904;24;6/9/18;26,68
905;79;18/1/20;22,26
906;11;2/1/19;26,24
907;14;19/8/20;0,84
908;10;28/5/19;38,88
909;79;7/12/19;26,43
910;80;12/8/18;49,9
911;50;5/3/20;51,72
912;8;9/11/18;31,38
913;29;16/3/17;11,63
914;93;16/7/19;14,63
915;31;22/3/20;33,78
916;81;30/8/17;32,8
917;85;18/1/19;24,61
918;61;29/9/20;35,9
919;9;5/5/18;59,76
920;48;19/3/20;45,43
921;49;15/2/19;55,86
922;2;4/2/18;73,73
923;15;18/4/19;50
924;22;9/8/18;79,96
925;53;28/11/17;18,38
926;17;6/11/20;7,94
927;44;29/7/17;50,94
928;25;2/11/19;17,22
929;26;15/2/18;29,47
930;1;6/9/18;4,58
931;49;11/5/19;23,34
932;25;13/8/17;17,36
933;1;28/7/17;42,19
934;8;18/2/20;36,94
935;87;6/4/20;46,46
936;96;2/3/20;33,78
937;51;27/7/17;34,87
938;95;8/3/17;40,96
939;79;15/3/17;16,97
940;22;30/6/19;28,23
941;81;4/11/20;10,45
942;16;13/5/18;25,47
943;54;20/5/19;9,21
944;80;21/2/20;17,21
945;41;23/7/17;46,54
946;94;4/9/20;12,42
947;43;17/9/20;8,12
948;97;6/3/17;15,96
949;69;18/4/18;3,63
950;26;25/6/19;13,19
951;12;15/3/18;8,31
952;35;3/10/18;65,85
953;26;5/6/18;48,05
954;60;27/7/20;6,76
955;31;2/1/17;51,92
956;19;26/8/17;33,75
957;14;19/3/18;21,34
958;84;23/4/17;27,17
959;15;18/4/17;44,76
960;22;11/12/19;18,27
961;23;3/6/18;38,33
962;75;20/10/17;16,13
963;77;8/1/18;6,35
964;96;19/10/17;56,52
965;96;16/11/19;17,46
966;29;18/11/18;35,21
967;53;3/6/20;1,97
968;19;4/11/17;37,41
969;9;7/12/18;5,91
970;80;3/4/20;8,78
971;81;7/3/20;43,38
972;26;15/11/20;63,59
973;35;14/9/18;18,63
974;47;27/3/20;30,7
975;15;21/5/20;80,24
976;69;17/1/19;14,33
977;12;7/3/19;62,04
978;99;6/7/20;2,73
979;72;10/4/18;25,27
980;76;23/3/17;12,79
981;45;29/12/19;60,41
982;23;23/11/18;54,18
983;21;4/5/18;5,33
984;86;21/7/17;22,94
985;77;4/8/19;4,42
986;79;29/5/19;51,56
987;93;14/11/20;14,99
988;64;7/12/20;65,41
989;22;27/12/18;60,66
990;91;19/4/20;3,16
991;70;13/1/19;48,44
992;83;19/3/17;26,02
993;61;21/1/17;39,25
994;40;22/5/20;73,69
995;26;20/11/17;11,27
996;47;15/6/20;6,33
997;98;5/4/20;60,92
998;75;21/6/17;2
999;69;19/4/17;17,56
1000;14;23/11/17;32,7
1001;33;6/3/19;5,03
1002;48;25/2/19;8,46
1003;55;15/10/18;35,34
1004;97;4/8/20;31
1005;43;5/2/17;75,32
1006;66;29/5/20;44,48
1007;35;16/6/17;72,77
1008;76;30/8/20;33,03
1009;63;1/7/17;13,19
1010;9;5/12/17;5,32
1011;57;26/8/20;13,07
1012;88;29/7/17;96,42
1013;34;14/4/20;89,01
1014;90;22/8/19;39,5
1015;18;30/6/17;32,88
1016;71;28/10/18;40,81
1017;90;5/8/17;66,32
1018;9;16/5/20;13,01
1019;13;29/4/20;8,71
1020;72;29/8/17;6,63
1021;69;14/1/18;42,4
1022;58;22/3/17;43,84
1023;46;26/6/17;11,89
1024;98;14/10/20;45,19
1025;52;26/7/19;12,97
1026;27;20/4/18;43,29
1027;49;15/9/18;1,05
1028;64;3/7/17;38,88
1029;53;24/2/19;0,01
1030;100;1/5/17;15,17
1031;2;28/5/17;6,25
1032;97;22/3/19;51,57
1033;77;28/2/19;60,54
1034;58;9/11/19;20,18
1035;49;14/8/19;20,67
1036;45;22/1/17;3,38
1037;93;16/1/20;75,83
1038;36;27/8/18;56,87
1039;40;3/8/17;27,96
1040;78;17/7/17;38,74
1041;77;3/9/20;14,76
1042;67;2/7/20;9,65
1043;72;1/6/20;29,37
1044;84;12/6/20;34,53
1045;51;10/5/18;19,1
1046;59;4/8/20;7,24
1047;82;17/1/20;69,09
1048;51;2/3/18;66,58
1049;39;17/2/17;44,9
1050;50;20/8/18;84,64
1051;45;17/5/20;32,61
1052;37;25/7/18;2,07
1053;20;23/12/19;27,76
1054;81;22/8/18;16,1
1055;20;4/8/17;26,71
1056;31;3/7/18;38,01
1057;99;16/11/20;47,3
1058;35;29/1/17;6,1
1059;55;9/6/18;25,55
1060;99;23/4/17;7,83
1061;52;25/6/19;33,97
1062;51;13/5/17;2,89
1063;51;10/12/19;22,27
1064;43;11/5/19;64,81
1065;3;11/4/20;16,9
1066;27;1/9/20;15,33
1067;30;1/11/18;36,23
1068;49;18/4/17;41,24
1069;90;3/11/20;46,34
1070;42;1/11/20;58,97
1071;39;5/5/17;12,25
1072;78;16/6/20;11,72
1073;28;10/12/17;21,34
1074;56;24/8/18;60,73
1075;73;19/2/19;58,84
1076;2;19/4/19;76,74
1077;79;10/4/17;46,39
1078;32;11/12/19;44,55
1079;87;14/10/20;7,06
1080;34;24/10/19;8,8
1081;20;18/1/18;32,84
1082;45;9/6/17;22,2
1083;19;3/4/18;13,1
1084;94;11/3/18;56,77
1085;15;16/10/17;16,13
1086;29;18/4/17;17,99
1087;92;28/7/19;19,05
1088;2;29/4/17;5,67
1089;83;19/5/18;8,06
1090;55;1/6/17;81,19
1091;30;28/1/17;20,18
1092;42;20/9/20;68,28
1093;87;7/6/18;44,5
1094;88;4/8/20;49,34
1095;49;21/1/17;55,34
1096;44;10/6/17;44,25
1097;80;6/12/18;35,71
1098;95;2/3/20;84,75
1099;91;30/7/17;40,48
1100;64;13/10/18;72,83
1101;28;12/3/19;3,32
1102;49;30/5/20;26,07
1103;90;23/3/18;52,69
1104;49;9/8/19;29,06
1105;7;21/12/18;14,98
1106;59;29/7/20;17,98
1107;48;6/9/20;20,91
1108;75;28/8/17;16,58
1109;1;6/5/19;35,51
1110;30;17/2/20;38,8
1111;48;13/7/20;15,52
1112;70;16/8/20;23,32
1113;9;9/11/17;10,92
1114;47;5/11/20;41,72
1115;25;28/10/20;10,13
1116;31;3/9/17;9,95
1117;78;29/10/19;5
1118;20;5/4/20;15,44
1119;57;13/2/20;33,54
1120;69;23/7/20;21,42
1121;89;6/4/18;17,19
1122;96;11/10/18;74,24
1123;67;10/5/18;62,63
1124;88;24/3/20;49,16
1125;29;21/3/18;18,27
1126;88;17/9/17;55,21
1127;78;12/5/18;52,5
1128;26;6/5/18;31,01
1129;67;29/11/20;25,44
1130;31;4/12/20;22,31
1131;11;27/2/17;5,28
1132;34;27/8/18;14,37
1133;41;2/10/17;38,06
1134;17;12/7/20;0,58
1135;28;11/12/19;32,36
1136;19;18/7/18;36,17
1137;43;2/2/19;21,51
1138;8;26/11/19;20,08
1139;100;18/2/20;57,53
1140;88;1/12/20;5,25
1141;1;24/3/18;29,47
1142;64;23/4/18;55,72
1143;36;28/9/18;74,66
1144;70;29/5/20;8,99
1145;78;9/7/18;46,62
1146;11;25/2/20;68,42
1147;68;27/9/18;4,87
1148;6;20/7/18;3,27
1149;98;12/11/17;57,74
1150;40;12/11/19;20,52
1151;45;24/11/20;16,87
1152;15;6/11/17;29,19
1153;49;19/3/20;7,51
1154;70;3/9/18;22,63
1155;38;17/2/19;31,01
1156;69;5/3/19;16,66
1157;32;12/10/17;18,45
1158;5;20/8/20;45,79
1159;63;30/7/18;31,49
1160;22;26/1/20;0,43
1161;64;3/10/18;36,98
1162;21;14/2/19;18,24
1163;39;13/11/17;12,86
1164;27;12/5/19;52,76
1165;65;14/4/18;50,44
1166;67;14/7/19;7,96
1167;28;18/8/17;14,34
1168;82;15/12/19;5,17
1169;36;21/9/20;0,32
1170;45;26/8/17;19,44
1171;40;9/3/17;14,86
1172;4;2/7/17;74,89
1173;96;28/2/17;13,66
1174;10;4/11/18;24,1
1175;34;12/5/20;16,85
1176;65;25/12/17;10,49
1177;85;9/11/17;21,57
1178;10;20/11/19;37,67
1179;88;7/5/17;69,28
1180;46;20/7/19;32,87
1181;31;23/7/20;36,93
1182;71;2/2/18;6,8
1183;7;20/2/18;28,52
1184;70;30/9/20;31,62
1185;10;1/5/20;34,07
1186;65;19/2/18;36,71
1187;20;5/12/18;67,83
1188;81;1/9/17;7,26
1189;30;16/9/17;50,05
1190;10;25/3/18;47,37
1191;26;18/9/17;43,74
1192;58;2/5/19;10,12
1193;79;13/11/17;1,56
1194;47;30/8/19;44,18
1195;18;10/2/19;68,86
1196;27;26/10/19;45,99
1197;65;3/11/18;35,52
1198;55;12/7/18;15,09
1199;45;15/3/20;27,43
1200;28;22/4/18;6,86
1201;48;10/6/18;50,18
1202;89;16/11/17;17,35
1203;87;16/11/18;47,64
1204;86;13/2/18;28,77
1205;81;2/2/18;50,15
1206;98;10/1/20;9,06
1207;81;11/9/19;24,75
1208;67;16/1/18;57,65
1209;96;20/8/17;52,3
1210;14;22/1/17;39,48
1211;68;6/6/20;41,96
1212;50;18/12/20;37,67
1213;35;1/3/19;0,32
1214;3;1/4/17;24,2
1215;81;6/6/17;6,76
1216;31;1/8/20;8,36
1217;19;18/4/20;91,05
1218;87;27/8/19;24,79
1219;92;16/10/17;41,68
1220;29;6/6/17;0,06
1221;42;12/4/19;45,47
1222;62;26/8/20;46,41
1223;97;26/4/20;21,06
1224;50;23/7/20;27,97
1225;33;18/5/18;0,46
1226;56;14/1/20;41,72
1227;59;12/9/19;66,45
1228;100;25/8/17;4,85
1229;76;21/6/20;64,43
1230;43;12/10/19;54,7
1231;61;4/11/19;8,63
1232;94;27/2/20;60,62
1233;47;13/5/19;48,61
1234;93;23/3/20;83,25
1235;31;14/3/20;51,01
1236;69;8/2/18;40,79
1237;18;4/6/17;27,79
1238;49;30/4/19;4,45
1239;8;5/10/17;58,5
1240;98;11/6/17;48,85
1241;13;13/2/19;3,39
1242;70;12/4/17;42,29
1243;90;6/2/20;61,57
1244;25;7/1/18;14,7
1245;86;20/7/17;69,77
1246;76;28/9/17;23,86
1247;11;5/12/17;39,36
1248;75;1/1/18;0,64
1249;47;12/5/17;40,92
1250;40;23/3/18;4,95
1251;27;23/11/19;30,93
1252;83;10/10/19;5,41
1253;82;28/5/18;53,18
1254;12;28/3/17;103,43
1255;54;21/3/20;29,81
1256;25;15/5/19;37,88
1257;20;21/3/20;46,73
1258;94;11/12/18;19,73
1259;66;23/5/19;12,64
1260;31;3/2/17;4,61
1261;51;18/7/20;23,54
1262;58;9/4/20;45,46
1263;54;19/12/17;10,48
1264;45;7/8/17;59,07
1265;30;2/5/18;49,26
1266;89;24/6/17;26,47
1267;38;11/5/18;32,3
1268;54;20/2/18;42,16
1269;23;11/6/19;3,46
1270;32;21/2/20;28,39
1271;42;27/1/18;2,04
1272;32;10/9/17;22,43
1273;99;3/7/20;48,57
1274;46;4/2/19;51,94
1275;36;10/4/18;9,09
1276;94;16/10/17;12,06
1277;62;7/10/18;26,32
1278;72;29/4/19;31,75
1279;15;27/1/17;15,18
1280;42;29/6/18;28,56
1281;38;30/3/17;15,9
1282;23;1/1/20;2,05
1283;47;11/8/19;10,12
1284;88;10/10/17;71,85
1285;44;3/10/19;0,25
1286;27;12/10/19;22,4
1287;35;23/8/20;9,49
1288;4;24/7/19;26,12
1289;82;16/4/19;27,4
1290;68;6/10/17;45,1
1291;21;18/8/18;17,36
1292;30;11/12/17;32,96
1293;96;14/3/20;4,02
1294;1;4/9/20;22,89
1295;68;15/5/17;46,32
1296;3;18/7/17;49,79
1297;88;16/5/18;53,27
1298;77;12/10/20;36,14
1299;7;16/9/19;56,38
1300;46;23/1/18;15,61
1301;32;8/10/18;26,45
1302;2;8/4/18;23,51
1303;82;5/6/20;22,25
1304;2;27/3/18;23,11
1305;18;12/4/20;38,62
1306;67;16/11/18;68,46
1307;42;27/7/20;36,52
1308;42;25/8/20;20,72
1309;49;2/5/17;18,13
1310;2;24/12/17;21,94
1311;67;18/9/17;22,5
1312;67;8/7/20;18,26
1313;69;13/3/17;38,47
1314;33;18/10/19;14,14
1315;15;3/8/19;100,62
1316;77;30/1/20;28,61
1317;99;14/1/18;30,05
1318;68;21/9/18;72,29
1319;53;30/6/17;52,95
1320;41;9/3/17;16,1
1321;24;17/8/18;73,56
1322;35;9/7/20;23,57
1323;3;18/6/18;83,91
1324;78;15/6/17;22,12
1325;95;20/12/19;12,43
1326;58;16/9/17;17,59
1327;56;11/5/20;19,31
1328;71;20/8/18;0,25
1329;97;30/7/18;15,96
1330;43;21/4/17;18,48
1331;17;24/2/17;47,93
1332;100;1/12/20;2,66
1333;26;5/11/20;0,37
1334;12;1/3/19;79,4
1335;11;12/9/18;7,69
1336;16;28/2/17;19,99
1337;26;13/6/19;1,39
1338;69;28/1/17;54
1339;33;29/6/19;9,28
1340;13;17/8/20;42,79
1341;59;30/11/17;19,48
1342;76;21/11/17;15,7
1343;67;5/3/19;37,61
1344;15;25/12/18;65,04
1345;66;29/3/18;7,83
1346;95;20/11/20;2,59
1347;88;15/10/19;25,71
1348;84;1/9/19;51,51
1349;58;7/11/17;60,09
1350;48;19/8/17;16,15
1351;99;9/4/17;41,54
1352;21;9/9/17;53,28
1353;31;10/4/20;15,3
1354;24;24/11/17;80,24
1355;25;6/1/20;26,45
1356;3;9/9/17;19,18
1357;81;3/11/18;7,29
1358;43;26/8/20;17,49
1359;20;13/3/19;46,87
1360;27;2/3/19;47,36
1361;73;20/2/20;7,15
1362;85;13/7/18;36,29
1363;98;20/7/20;10,74
1364;67;5/11/20;29,7
1365;13;25/6/20;75,02
1366;12;12/5/17;48,47
1367;73;28/6/18;16,58
1368;49;8/5/20;49,91
1369;74;11/9/19;69,43
1370;17;19/5/17;42,84
1371;15;30/8/17;42,33
1372;84;8/2/20;19,4
1373;80;6/7/19;25,05
1374;83;22/10/17;71,35
1375;87;25/10/20;22,27
1376;14;15/7/17;6,96
1377;10;16/5/19;47,58
1378;73;2/3/18;17,08
1379;72;25/8/20;43,28
1380;29;27/3/17;48,52
1381;81;28/11/20;20,4
1382;65;17/10/17;34,74
1383;68;21/4/20;25,46
1384;8;10/2/17;49,74
1385;33;20/10/20;5,15
1386;26;18/4/19;7,9
1387;85;23/7/17;7,74
1388;84;1/8/20;24,94
1389;7;8/11/19;2,21
1390;49;30/10/18;69,59
1391;50;27/10/20;38,1
1392;52;15/2/18;1,58
1393;13;17/6/18;49,47
1394;65;23/11/17;49,53
1395;28;28/4/19;10,92
1396;83;21/6/17;12,56
1397;26;25/2/20;19,18
1398;30;22/10/19;3,04
1399;20;25/11/20;45,33
1400;67;17/9/18;54,43
1401;59;13/6/19;9,44
1402;10;15/6/17;57,58
1403;42;16/3/19;56,63
1404;86;15/1/17;53,28
1405;27;7/5/19;58,33
1406;28;17/9/18;38,17
1407;79;17/12/18;28
1408;74;5/3/19;4,33
1409;56;30/8/19;48,42
1410;40;28/6/18;20,77
1411;51;21/3/18;14,81
1412;35;4/9/17;4,74
1413;34;18/2/20;7,91
1414;17;19/6/20;3,37
1415;83;3/12/19;2,7
1416;94;8/1/19;4,62
1417;49;26/11/19;66,43
1418;43;27/7/18;52,77
1419;31;19/1/20;38,16
1420;30;2/8/17;60,41
1421;47;29/4/17;35,98
1422;65;2/8/17;8,19
1423;95;6/6/18;38,49
1424;53;17/9/19;16,03
1425;51;3/9/20;79,42
1426;93;16/11/19;5,62
1427;77;26/5/19;5,41
1428;67;19/12/20;66,69
1429;11;29/3/17;45,97
1430;64;20/11/20;62,33
1431;57;1/7/17;54,79
1432;49;1/10/17;12,49
1433;56;23/8/20;38,72
1434;91;15/5/17;29,9
1435;81;15/7/20;14,01
1436;56;9/1/20;36,73
1437;70;30/6/17;7,2
1438;23;20/10/18;21,63
1439;76;4/9/18;31,19
1440;71;2/3/19;72,05
1441;22;10/7/18;31,69
1442;21;20/3/17;35,22
1443;9;21/9/17;2,08
1444;8;13/7/19;34,57
1445;4;9/3/19;51,52
1446;24;15/3/19;34,91
1447;69;26/5/19;13,51
1448;21;4/2/20;31,5
1449;50;15/5/17;103,42
1450;59;10/1/18;29,29
1451;81;20/6/17;98,68
1452;67;26/6/18;35,2
1453;56;9/6/19;67,97
1454;35;26/11/17;4,92
1455;42;7/8/18;10,73
1456;75;7/10/20;34,22
1457;68;18/8/17;48,56
1458;24;19/4/20;35,95
1459;91;1/11/19;7,69
1460;79;23/7/19;107,76
1461;12;29/5/18;12,09
1462;29;3/9/19;48,92
1463;73;7/7/18;24,44
1464;92;14/11/18;18,65
1465;15;26/7/19;56,7
1466;79;3/10/20;54,16
1467;9;20/4/20;37,71
1468;100;19/5/17;4,25
1469;80;20/5/17;49,26
1470;85;16/3/18;70,79
1471;4;26/7/17;15,53
1472;56;8/5/17;36,36
1473;81;12/4/17;86,05
1474;48;13/11/20;12,45
1475;10;21/5/20;44,37
1476;41;2/6/19;1,41
1477;45;26/2/19;18,73
1478;27;30/12/18;26,49
1479;27;12/8/17;37,82
1480;62;24/3/18;16,95
1481;58;4/3/17;52,61
1482;52;16/5/20;26,67
1483;22;12/8/19;17,39
1484;81;2/2/20;10,04
1485;74;9/9/19;20,65
1486;35;4/11/17;38,97
1487;15;2/7/17;41,05
1488;24;18/3/20;21,49
1489;26;3/5/20;84,41
1490;28;4/11/20;17,29
1491;62;9/4/20;78,02
1492;60;26/10/19;14,23
1493;94;28/7/20;18,98
1494;97;20/10/19;55,86
1495;73;17/5/20;26,89
1496;60;1/4/19;46,66
1497;98;14/2/17;5,33
1498;57;16/6/19;49,07
1499;8;19/8/18;82,54
1500;38;29/1/18;18,38
1501;38;21/10/20;29,71
1502;71;27/4/20;16,95
1503;73;29/11/19;95,8
1504;52;8/6/18;59,55
1505;91;8/2/19;19,41
1506;84;26/9/19;32,3
1507;57;30/6/17;57,45
1508;49;19/8/17;38,15
1509;88;3/8/18;8,36
1510;71;1/12/17;49,63
1511;46;12/4/18;13,1
1512;98;25/8/18;8,42
1513;4;28/5/17;21,54
1514;70;12/8/17;93,69
1515;60;18/5/19;6,55
1516;28;9/6/19;4,51
1517;88;22/10/18;34,08
1518;51;8/9/19;7,65
1519;7;16/2/19;53,54
1520;22;4/9/20;28,88
1521;43;18/9/18;37,02
1522;82;6/11/17;13,38
1523;16;2/8/19;24,79
1524;20;30/5/20;19,72
1525;35;7/1/19;16,82
1526;61;5/2/20;30,03
1527;60;4/1/20;36,72
1528;89;17/9/19;34,63
1529;44;26/1/17;0,98
1530;90;1/6/20;14,96
1531;36;29/11/19;31,52
1532;13;13/11/17;60,48
1533;58;1/5/20;5,92
1534;47;20/10/20;35,21
1535;8;25/11/20;27,95
1536;22;5/9/19;47,9
1537;66;21/10/17;13,41
1538;44;20/2/17;9,14
1539;34;2/1/17;72,33
1540;52;13/3/18;93,71
1541;28;26/9/17;3,34
1542;61;8/12/17;41,17
1543;94;11/7/17;6,87
1544;51;29/10/19;19,73
1545;13;28/6/19;58,19
1546;81;24/8/18;44,42
1547;57;5/5/17;100,81
1548;68;24/2/20;24,99
1549;60;10/9/20;71,58
1550;43;30/6/18;13,94
1551;65;20/12/20;3,39
1552;11;20/4/17;18,39
1553;88;1/3/18;55,35
1554;26;19/1/17;52,84
1555;64;10/2/19;73,76
1556;87;11/10/19;12,57
1557;11;21/1/17;18,73
1558;20;18/1/20;1,74
1559;66;1/10/17;11,01
1560;2;4/6/17;7,46
1561;85;4/10/17;11,87
1562;66;18/8/19;12,22
1563;58;19/10/18;26,55
1564;87;5/3/20;51,1
1565;90;22/3/19;10
1566;66;24/1/18;26,78
1567;78;17/10/17;4,67
1568;72;3/5/17;7,23
1569;59;3/4/20;83,67
1570;43;27/2/17;3,14
1571;11;16/3/18;20,92
1572;21;2/2/20;21,58
1573;2;10/1/18;16,05
1574;63;13/12/17;26,31
1575;41;27/1/18;13,22
1576;49;1/5/18;8,91
1577;87;10/6/18;5,83
1578;33;2/12/20;68,7
1579;87;23/2/17;54,79
1580;34;5/4/17;12,68
1581;72;13/4/19;25,8
1582;93;12/1/17;58,45
1583;27;22/9/19;56,96
1584;8;2/7/20;6,07
1585;99;1/12/18;18,52
1586;66;15/8/18;6,84
1587;35;24/9/20;27,89
1588;56;8/10/18;9,12
1589;90;22/5/17;4,6
1590;33;19/4/18;59,36
1591;57;18/6/19;22,93
1592;15;29/10/20;27,26
1593;4;9/1/17;21,35
1594;97;28/10/19;15,63
1595;64;26/7/19;7,13
1596;84;13/11/17;27,87
1597;98;4/5/17;17,34
1598;17;29/6/18;43,82
1599;80;30/12/17;64,05
1600;26;29/3/20;49,22
1601;14;28/4/20;41,62
1602;15;1/3/18;18,86
1603;31;3/1/20;66,57
1604;65;7/5/17;70,34
1605;44;8/3/20;47,33
1606;52;9/7/18;3,21
1607;27;23/4/20;16,54
1608;75;11/1/20;47,88
1609;81;8/11/17;83,62
1610;11;16/1/17;3,91
1611;15;26/5/19;13
1612;64;29/9/18;6,23
1613;10;4/6/20;14,9
1614;92;14/9/19;46,31
1615;87;23/3/20;90,41
1616;56;5/6/18;41,64
1617;54;20/4/17;41,19
1618;51;21/11/17;33,12
1619;48;6/10/18;28,6
1620;39;7/8/20;32,17
1621;71;10/12/18;43,84
1622;90;19/9/18;3,83
1623;48;13/9/17;15,52
1624;47;13/11/18;91,06
1625;33;2/10/18;17,39
1626;90;29/11/17;24,65
1627;1;10/6/17;1,64
1628;97;21/11/18;0,82
1629;60;4/2/19;63,24
1630;46;5/1/18;11,22
1631;32;21/6/17;31,46
1632;8;10/7/17;11,31
1633;64;19/7/19;89,54
1634;51;7/10/18;17,82
1635;92;7/3/20;4,54
1636;30;14/6/19;25,88
1637;15;5/11/18;80,31
1638;14;14/6/20;13,32
1639;77;18/5/19;34,88
1640;29;2/4/17;59,36
1641;54;16/2/19;31,9
1642;6;5/1/18;39,02
1643;96;11/7/19;24,45
1644;89;17/12/18;33,21
1645;49;13/8/17;74,58
1646;67;11/11/20;56,44
1647;67;26/1/17;50,31
1648;90;9/11/19;49,42
1649;59;25/8/20;12,73
1650;25;16/7/18;19,42
1651;78;2/12/20;21,56
1652;68;11/10/19;11,82
1653;86;20/7/17;25,25
1654;13;10/5/20;83,72
1655;58;9/7/18;1,65
1656;77;8/9/19;20,11
1657;4;10/4/19;67,28
1658;53;9/1/20;31,35
1659;43;3/6/19;50,22
1660;7;9/12/17;32,83
1661;38;23/1/17;23,72
1662;42;30/6/19;18,51
1663;91;16/12/19;16,92
1664;52;18/8/17;24,12
1665;75;19/9/19;11,67
1666;39;5/5/18;40
1667;32;14/4/20;16,79
1668;87;13/9/18;56,92
1669;59;11/2/20;40,81
1670;90;18/9/17;30,74
1671;30;26/10/19;33,82
1672;81;6/10/20;15,89
1673;36;19/3/17;28,79
1674;67;25/11/20;30,66
1675;4;21/2/17;35,06
1676;89;11/8/20;37,26
1677;24;21/12/18;31,32
1678;28;4/3/19;11,88
1679;4;22/11/18;1,03
1680;39;24/1/18;57,19
1681;75;6/5/18;15,88
1682;39;28/3/19;39,89
1683;61;4/3/19;7,83
1684;15;9/3/18;27,94
1685;54;30/7/19;10,86
1686;39;2/11/18;52,59
1687;82;21/3/20;40,21
1688;46;26/5/20;22,9
1689;86;10/3/17;50,12
1690;85;28/1/17;34,92
1691;38;22/9/17;39,3
1692;13;14/11/19;21,68
1693;78;30/9/20;11,68
1694;24;29/9/18;34,71
1695;70;20/6/19;14,11
1696;69;28/5/20;63,8
1697;69;14/7/17;21,99
1698;63;24/9/19;4,12
1699;100;27/9/20;7,47
1700;73;24/6/18;10,87
1701;3;11/2/17;42,64
1702;96;1/6/17;32,59
1703;75;18/6/17;26,69
1704;82;6/6/19;22,69
1705;22;5/5/18;0,25
1706;56;29/3/19;34,64
1707;38;7/12/20;23,51
1708;42;24/7/20;25,12
1709;86;9/8/18;35,73
1710;46;10/3/17;20,44
1711;86;5/2/18;29,49
1712;79;1/12/20;27,46
1713;86;25/6/17;45,81
1714;11;10/11/18;61,22
1715;90;5/4/17;1,07
1716;53;26/2/19;30,17
1717;49;3/11/18;3,85
1718;75;30/8/19;31,29
1719;52;21/2/19;20,91
1720;31;11/6/18;28,51
1721;52;26/1/19;32,74
1722;56;1/2/19;0,51
1723;50;12/9/17;0,71
1724;11;29/7/18;17,61
1725;68;3/2/19;32,85
1726;7;23/5/17;29,5
1727;36;17/3/19;3,61
1728;76;16/3/19;24,76
1729;40;6/3/19;15,63
1730;93;18/2/18;37,06
1731;66;20/6/19;51,24
1732;84;4/8/17;43,43
1733;16;17/9/19;18,23
1734;20;27/6/20;5,56
1735;50;10/6/20;23,39
1736;49;4/10/20;37,75
1737;14;25/11/19;48,38
1738;58;1/1/20;38,36
1739;74;13/4/18;18,1
1740;66;26/11/20;50,69
1741;99;9/11/19;36,29
1742;59;8/4/20;37,07
1743;72;29/6/19;7,49
1744;69;25/7/19;8,73
1745;71;6/4/19;17,69
1746;69;29/8/20;69,35
1747;38;23/11/19;11,77
1748;21;20/4/20;5,73
1749;25;27/1/20;52,23
1750;11;2/11/17;9,13
1751;1;2/11/19;42,55
1752;33;1/8/18;15,68
1753;17;5/1/19;37,79
1754;85;9/5/18;34,29
1755;41;15/5/18;44,64
1756;39;14/6/19;82,2
1757;42;15/9/20;28,21
1758;34;16/6/19;30,21
1759;61;24/8/19;14,68
1760;50;28/8/19;40,6
1761;42;27/9/20;37,17
1762;75;23/6/19;14,92
1763;30;19/7/17;2,16
1764;98;29/11/20;12,06
1765;15;19/2/17;14,12
1766;37;8/4/18;45,11
1767;99;27/10/18;3,23
1768;69;22/8/18;40,67
1769;62;22/1/18;5,33
1770;36;17/11/17;7,83
1771;72;24/7/18;40,16
1772;92;26/3/17;19,23
1773;29;20/12/17;18,82
1774;57;26/2/17;17,33
1775;71;18/8/17;18,15
1776;52;8/1/17;20,57
1777;3;26/5/18;50,71
1778;75;27/2/20;54,1
1779;82;9/7/17;17,88
1780;71;21/4/17;0,01
1781;88;28/6/19;74,59
1782;29;30/8/18;2,32
1783;48;26/5/19;26,32
1784;20;25/1/18;54,1
1785;8;5/4/20;18,05
1786;52;14/8/19;27,64
1787;43;23/2/19;29,15
1788;10;9/12/18;38,35
1789;71;10/7/17;50,36
1790;76;13/12/18;55,92
1791;46;6/2/17;11,68
1792;14;5/6/19;49,98
1793;99;9/4/19;40,69
1794;31;24/6/17;85,36
1795;1;8/6/19;29,05
1796;11;20/1/20;0,63
1797;26;24/3/20;15,59
1798;28;9/7/17;20,11
1799;6;25/3/18;3,07
1800;52;25/12/17;36,41
1801;3;14/7/19;24,58
1802;28;14/1/19;76,62
1803;98;9/7/20;35,44
1804;90;24/2/19;42,32
1805;23;11/2/18;97,18
1806;21;22/2/18;7,7
1807;53;5/5/18;3,38
1808;18;2/12/20;37,51
1809;13;25/7/18;22,17
1810;47;23/2/19;40,85
1811;87;8/2/20;6,97
1812;29;15/1/18;20,48
1813;29;23/7/17;48,45
1814;99;16/3/17;18,5
1815;82;13/5/18;30,46
1816;37;15/7/19;31,84
1817;66;1/3/20;27,93
1818;26;23/10/19;23,71
1819;32;19/11/19;60,15
1820;72;12/6/18;11,63
1821;38;11/5/20;6,52
1822;28;17/9/17;37,1
1823;72;11/12/20;46,58
1824;91;28/2/20;16,77
1825;20;4/4/18;25,7
1826;19;12/9/19;5,86
1827;55;11/9/19;26,17
1828;10;30/8/17;56,46
1829;19;13/7/18;85,13
1830;58;6/5/18;17,89
1831;99;18/10/19;70,12
1832;11;29/4/17;51,67
1833;16;14/12/17;6,11
1834;62;23/10/18;23,47
1835;83;17/1/18;23,7
1836;6;1/12/19;27,17
1837;53;26/10/19;47,71
1838;22;5/2/19;66,22
1839;4;10/10/18;42,27
1840;100;13/5/19;19,05
1841;76;12/3/17;58,22
1842;37;12/7/18;47,23
1843;13;26/11/20;61,69
1844;49;16/10/19;6,17
1845;49;15/4/17;36,33
1846;71;16/7/18;19,87
1847;13;28/11/17;17,17
1848;49;5/6/19;66,12
1849;73;11/10/20;48,56
1850;33;13/5/20;5,37
1851;100;14/2/19;18,59
1852;68;14/9/20;35,8
1853;63;1/7/18;14,2
1854;17;27/6/20;49,77
1855;24;29/5/18;5,61
1856;9;23/7/18;73,29
1857;65;8/4/19;38,82
1858;48;8/9/20;40,79
1859;88;22/1/19;13,48
1860;56;9/4/17;10,77
1861;69;1/10/18;38,75
1862;32;1/9/17;7
1863;94;7/1/20;17,18
1864;10;25/3/18;20,63
1865;52;24/10/20;25,1
1866;82;21/1/18;25,85
1867;11;2/4/17;9,23
1868;72;15/6/20;17,15
1869;90;28/11/20;14,71
1870;85;9/5/18;35,85
1871;87;3/10/17;6,89
1872;35;20/2/20;13,6
1873;56;26/5/20;15,2
1874;57;4/4/18;32,62
1875;61;15/3/20;7,99
1876;64;24/11/19;37,29
1877;95;17/5/20;27,58
1878;7;29/11/18;2,98
1879;51;15/2/19;1,55
1880;13;8/4/19;3,7
1881;62;19/10/20;24,58
1882;79;2/2/20;6,62
1883;84;24/4/17;18,51
1884;22;5/4/20;35,4
1885;75;22/9/17;81,62
1886;23;18/2/18;91,99
1887;56;28/8/20;54,74
1888;36;15/8/17;11,88
1889;20;23/10/17;34,09
1890;19;27/2/17;13,26
1891;3;16/9/19;0,32
1892;76;16/5/18;5,36
1893;22;4/2/19;33,88
1894;30;9/7/20;47,38
1895;94;11/4/17;57,95
1896;97;23/9/20;26,2
1897;78;21/3/17;4,38
1898;60;8/7/17;63,39
1899;13;26/4/19;16,1
1900;32;13/4/20;53,25
1901;40;2/6/20;7,74
1902;97;26/3/19;68,2
1903;59;27/8/17;25,84
1904;79;25/9/20;41,06
1905;100;27/10/18;9,38
1906;100;11/3/17;69,31
1907;54;14/1/20;2,13
1908;86;3/7/17;41,26
1909;83;8/4/20;31,82
1910;64;7/11/19;15,41
1911;61;8/1/17;86,82
1912;88;30/6/17;13,4
1913;41;10/4/17;17,96
1914;14;4/2/19;13,06
1915;34;27/1/19;54,07
1916;5;5/10/18;5,9
1917;7;28/4/20;38,89
1918;80;18/7/20;20,7
1919;76;5/5/18;2,3
1920;85;17/7/20;76,12
1921;68;12/4/18;41,07
1922;33;18/6/17;16,7
1923;34;6/7/20;63,22
1924;30;14/6/19;62,52
1925;44;9/10/18;22,36
1926;77;30/9/20;25,3
1927;26;4/3/19;33,16
1928;7;9/3/19;76,56
1929;73;9/12/18;48,44
1930;63;1/10/20;5,37
1931;29;23/4/17;4,63
1932;10;30/3/19;9,67
1933;81;23/1/20;20,92
1934;5;20/5/17;44,91
1935;86;26/8/18;64,38
1936;20;14/11/19;41,26
1937;26;4/10/19;46,68
1938;89;21/9/17;39,91
1939;72;4/10/20;15,9
1940;97;1/3/20;10,27
1941;66;5/4/18;51,71
1942;81;13/12/18;48,88
1943;26;13/12/17;15,96
1944;18;27/5/20;56,85
1945;26;3/3/19;67,6
1946;14;27/6/18;50,46
1947;26;1/3/20;48,43
1948;11;9/2/20;40,15
1949;25;22/9/17;43,58
1950;92;20/5/19;33,16
1951;56;6/3/19;14,3
1952;100;9/10/17;9,57
1953;65;26/9/20;72,44
1954;82;30/7/20;7,78
1955;13;13/7/20;5,12
1956;8;7/2/19;43,87
1957;18;8/9/17;20,88
1958;67;1/2/18;47
1959;46;24/10/19;14,55
1960;13;8/2/17;6,25
1961;65;20/3/17;21,24
1962;6;29/4/19;14,44
1963;92;24/5/18;38,59
1964;33;22/4/17;55,25
1965;34;2/3/17;29,58
1966;67;24/9/18;19,79
1967;18;17/7/18;30,37
1968;92;6/4/18;51,33
1969;62;2/2/17;33,34
1970;58;8/3/17;26,76
1971;19;24/7/17;52,35
1972;33;5/2/19;1,6
1973;74;20/10/17;28,52
1974;74;14/10/19;9,04
1975;28;3/4/20;60,7
1976;76;24/10/19;0,41
1977;80;1/10/18;78,04
1978;34;25/9/17;70,47
1979;12;19/9/17;37,85
1980;87;25/8/20;41,98
1981;42;29/8/17;22,2
1982;62;16/10/17;0,35
1983;92;1/3/19;62,09
1984;53;12/12/19;59,82
1985;86;23/10/20;2,82
1986;43;2/3/17;20,51
1987;82;26/11/18;27,27
1988;47;4/10/20;2,92
1989;41;19/2/20;0,31
1990;96;7/1/18;39,1
1991;52;14/12/17;69,39
1992;84;11/2/19;9,85
1993;10;6/9/19;12,85
1994;38;14/12/18;67,88
1995;81;19/10/18;2,84
1996;99;27/1/20;80,58
1997;15;30/4/19;35,1
1998;88;17/10/17;43,87
1999;88;20/12/18;10,5
2000;34;2/6/19;63,68
2001;62;22/12/20;5,17
2002;30;15/11/19;13,26
2003;36;11/9/18;37,53
2004;32;1/6/19;6,53
2005;95;27/4/18;1,38
2006;54;25/10/20;10,94
2007;26;11/5/18;26,23
2008;11;7/2/19;47,51
2009;37;29/12/17;16,29
2010;61;18/2/19;39,63
2011;77;29/5/19;19,22
2012;53;19/8/18;32,89
2013;55;11/5/17;19,72
2014;34;15/5/17;37,12
2015;28;5/6/19;21,52
2016;57;2/6/18;58,23
2017;80;9/11/20;18,33
2018;95;4/10/20;11,28
2019;25;14/1/20;9,89
2020;73;16/2/17;39,14
2021;17;16/4/18;57,71
2022;46;22/11/18;21,28
2023;73;21/4/17;66,4
2024;8;25/6/20;53,58
2025;58;9/2/17;82,84
2026;2;29/9/18;57,08
2027;86;4/10/17;32,66
2028;81;13/6/19;88,4
2029;17;1/1/18;24,15
2030;25;13/6/19;30,49
2031;42;3/12/17;91,7
2032;55;15/2/20;2,77
2033;51;24/6/17;10,68
2034;82;24/2/18;2,21
2035;5;27/5/20;30,76
2036;95;16/1/19;7,15
2037;3;14/10/20;68,96
2038;89;28/11/18;34,88
2039;51;29/8/18;9,01
2040;3;5/7/17;78,11
2041;4;30/7/20;7,61
2042;93;12/3/20;22,2
2043;11;19/2/20;16,99
2044;5;14/5/18;1,04
2045;13;1/10/19;25,27
2046;65;18/5/20;34,22
2047;31;22/4/18;1,09
2048;79;1/10/20;26,01
2049;6;4/9/17;15,95
2050;65;16/10/18;41,52
2051;68;15/4/17;16,87
2052;19;22/8/19;34,09
2053;60;15/3/20;49,66
2054;74;17/5/20;18,36
2055;9;13/2/17;77,52
2056;76;6/1/19;22,01
2057;6;20/1/19;54,86
2058;54;13/5/20;23,78
2059;3;25/2/19;3,68
2060;96;26/3/19;54,17
2061;83;6/7/19;6,22
2062;9;29/11/20;18,28
2063;46;4/11/20;38,74
2064;11;8/9/18;12,02
2065;22;3/8/17;37,58
2066;98;25/2/19;33,33
2067;57;9/2/19;24,39
2068;42;20/10/19;21,01
2069;93;16/5/19;26,06
2070;35;3/4/19;71,27
2071;65;19/7/20;10,83
2072;80;21/8/18;86,54
2073;17;7/2/19;30,82
2074;9;10/5/17;29,28
2075;45;14/11/18;16,14
2076;76;1/3/19;5,99
2077;57;30/6/20;66,27
2078;73;17/1/17;59,68
2079;77;10/5/18;29,8
2080;75;2/7/18;5,09
2081;44;4/2/20;78,34
2082;68;28/11/18;33,16
2083;77;8/2/18;41,88
2084;6;6/1/18;44,89
2085;44;8/7/20;48,48
2086;35;10/4/20;6,44
2087;41;27/4/17;33,87
2088;70;7/5/18;9,05
2089;50;2/8/18;1,58
2090;35;18/3/17;33,87
2091;10;7/5/18;14,39
2092;16;16/2/17;42,6
2093;96;29/1/20;25,13
2094;8;11/3/17;4,53
2095;16;2/2/20;4,15
2096;49;20/9/20;28,76
2097;26;15/12/18;18,42
2098;21;29/6/17;0,26
2099;46;6/7/19;46,11
2100;28;17/2/17;24,6
2101;43;2/11/18;10,35
2102;97;20/2/19;65,27
2103;98;25/8/18;0,88
2104;60;7/5/20;23,07
2105;9;6/6/20;65,21
2106;20;21/8/17;59,17
2107;61;11/1/20;59,11
2108;40;17/8/17;12,88
2109;89;26/11/17;32,26
2110;48;27/2/19;58,94
2111;49;28/7/19;38,44
2112;9;10/2/18;62,88
2113;99;20/6/18;9,74
2114;83;9/2/19;13,8
2115;82;1/4/19;13,58
2116;88;21/4/19;40,4
2117;72;27/2/20;44,39
2118;58;29/5/18;32,9
2119;51;29/2/20;83,66
2120;91;29/9/18;27,18
2121;26;5/11/19;32,7
2122;100;23/2/17;44,33
2123;64;1/9/18;65,93
2124;85;8/8/17;2,09
2125;52;23/2/20;62,01
2126;6;27/5/19;7,66
2127;20;10/10/17;50,55
2128;65;18/2/20;86,24
2129;1;8/6/17;39,87
2130;76;15/4/17;16,73
2131;17;28/5/19;9,51
2132;54;1/10/19;83,56
2133;92;23/5/20;21,76
2134;54;21/1/18;97,22
2135;52;20/2/20;39,95
2136;79;14/10/17;39,87
2137;38;1/8/19;44,77
2138;76;16/11/18;1,49
2139;31;6/6/18;21,48
2140;69;27/12/17;18,81
2141;83;27/12/20;4,12
2142;15;18/5/17;2,64
2143;39;25/7/17;42,38
2144;14;14/4/20;9,39
2145;91;24/8/17;1,75
2146;71;13/8/17;60,01
2147;1;16/2/20;56,85
2148;91;23/8/17;23,4
2149;13;20/1/18;44,26
2150;97;28/6/17;52,95
2151;65;8/5/18;23,74
2152;37;27/6/17;49,41
2153;68;7/5/19;29,67
2154;17;14/1/17;8,09
2155;9;21/10/20;48,4
2156;39;1/4/19;0,57
2157;33;19/3/18;80,01
2158;58;24/2/20;8,9
2159;39;10/8/17;51,51
2160;76;9/3/18;1,9
2161;91;29/9/17;55,54
2162;67;27/8/20;30,08
2163;23;19/3/17;6,56
2164;51;15/3/18;1,95
2165;92;27/7/19;19,57
2166;76;1/7/19;6,09
2167;27;27/11/20;7,74
2168;41;7/2/18;9
2169;20;25/11/18;28,44
2170;75;15/12/18;24,83
2171;51;26/2/20;23,51
2172;93;25/8/18;48,23
2173;77;6/12/20;19,75
2174;14;21/6/17;4,26
2175;41;20/4/19;0,87
2176;66;18/7/18;50,63
2177;60;30/9/17;3,11
2178;99;22/11/17;8,75
2179;65;9/9/19;50,3
2180;86;7/8/19;39,61
2181;39;1/5/18;69,71
2182;83;17/8/19;39,27
2183;50;9/3/18;4,57
2184;55;29/7/19;11,26
2185;54;6/11/19;31,32
2186;15;18/9/18;47,24
2187;12;27/3/18;132,5
2188;9;17/6/20;51,03
2189;57;25/3/20;76,46
2190;63;22/6/17;47,4
2191;90;6/2/19;29,37
2192;90;13/7/20;69,01
2193;50;8/2/17;26,19
2194;79;11/2/18;4,27
2195;73;20/8/19;3,9
2196;35;12/2/17;5,85
2197;52;22/3/20;58,81
2198;85;27/6/18;14,66
2199;99;11/1/18;23,41
2200;44;14/4/17;24,73
2201;14;27/10/17;34,75
2202;100;10/9/17;20,98
2203;12;27/3/19;49,53
2204;4;2/3/17;1,73
2205;89;7/5/19;11,4
2206;79;7/5/19;20,13
2207;65;20/5/19;24,25
2208;76;19/11/18;62,51
2209;99;18/10/18;5,16
2210;47;16/3/17;15,99
2211;46;2/12/17;6,02
2212;89;8/4/19;58,44
2213;36;27/2/20;25,12
2214;2;26/11/17;75,08
2215;97;19/3/20;42,9
2216;3;28/2/20;53,91
2217;8;23/6/17;4,76
2218;60;23/12/18;1,41
2219;100;1/4/20;46,96
2220;68;26/9/19;5,52
2221;78;13/1/19;53,89
2222;64;13/8/19;6,23
2223;93;17/12/18;13,77
2224;52;7/5/19;12,74
2225;86;18/9/18;4,16
2226;3;14/7/17;66,53
2227;26;14/8/19;7,92
2228;47;17/5/18;36,68
2229;62;18/8/17;42,92
2230;91;19/1/18;77,69
2231;43;15/8/20;7,74
2232;94;11/9/18;26,92
2233;84;1/5/18;7,55
2234;33;5/6/19;19,32
2235;100;6/5/18;77,38
2236;68;24/3/19;87,27
2237;35;2/9/20;13,1
2238;15;20/4/18;10,73
2239;49;24/7/20;3,32
2240;35;30/8/18;40,25
2241;55;17/10/20;52,09
2242;36;6/4/17;8,12
2243;13;12/7/17;20,02
2244;66;10/5/20;50,37
2245;48;12/10/18;4,47
2246;38;28/7/20;96,17
2247;15;27/12/19;6,18
2248;76;27/1/18;11,8
2249;94;11/11/20;11,59
2250;9;26/9/17;71,5
2251;76;25/11/18;4,4
2252;31;23/2/18;17,68
2253;79;4/6/19;23,61
2254;41;22/2/20;36,05
2255;40;7/2/19;50,27
2256;46;30/11/18;8,61
2257;77;21/8/18;31,22
2258;79;13/1/20;28,88
2259;81;18/8/19;34,39
2260;85;15/11/17;29,85
2261;15;14/2/19;1,25
2262;6;16/2/20;18,24
2263;31;10/10/20;16,99
2264;72;5/9/18;9,01
2265;3;20/7/19;40,44
2266;96;4/6/18;32,56
2267;79;12/10/20;38,73
2268;55;23/5/20;26,57
2269;32;26/2/20;68,7
2270;75;9/4/18;40,39
2271;9;2/1/20;51,69
2272;99;10/6/17;4,25
2273;36;27/11/18;51,46
2274;71;15/8/18;65,01
2275;55;23/12/18;0,28
2276;94;16/8/19;50,36
2277;2;19/9/17;63,68
2278;13;19/3/18;32,01
2279;78;19/4/18;19,6
2280;62;9/2/17;0,96
2281;22;20/12/18;11,83
2282;15;11/8/18;25,17
2283;62;24/4/17;10,59
2284;72;5/7/17;34,29
2285;23;6/11/17;80,53
2286;3;19/6/19;34,65
2287;73;1/2/17;0,02
2288;49;21/7/17;10,32
2289;44;9/12/17;41,24
2290;39;25/3/17;52,48
2291;29;21/11/18;13,18
2292;37;27/4/19;61,55
2293;26;28/11/20;9,71
2294;70;8/8/20;51,2
2295;44;9/6/19;11,12
2296;94;30/9/17;8,77
2297;33;11/2/18;65,18
2298;88;11/5/18;7,76
2299;21;25/6/18;24,34
2300;83;4/9/20;60,42
2301;48;9/9/17;127,75
2302;73;9/8/20;92,37
2303;56;2/8/20;12,67
2304;43;12/1/18;29,31
2305;16;25/6/18;29,14
2306;16;25/11/18;0,12
2307;40;3/4/19;13,26
2308;79;3/1/20;42,34
2309;100;7/1/20;2,99
2310;52;29/1/18;55,58
2311;16;18/5/18;43,14
2312;19;4/10/19;43,5
2313;77;4/9/17;26,02
2314;81;17/12/19;41,07
2315;91;25/1/19;80,83
2316;54;2/7/17;11
2317;26;13/9/19;18,51
2318;68;27/7/19;68,36
2319;84;8/5/19;42,69
2320;58;15/2/19;63,78
2321;98;25/11/18;7,74
2322;11;12/9/19;60,08
2323;5;2/8/20;31,28
2324;31;8/6/20;4,86
2325;43;26/8/19;32,23
2326;39;24/6/20;13,83
2327;54;30/3/19;40,62
2328;44;24/10/18;7,28
2329;70;8/7/20;43,82
2330;97;26/8/20;9,46
2331;10;17/7/17;1,34
2332;16;11/10/19;8,46
2333;44;10/3/18;39,97
2334;21;27/6/20;13,28
2335;40;22/11/20;14,72
2336;46;5/12/19;43,68
2337;20;30/12/19;38,28
2338;86;22/7/20;4,77
2339;22;9/4/19;36,78
2340;82;9/4/20;10,69
2341;14;20/11/20;13,27
2342;95;22/10/20;21,5
2343;58;24/5/17;16,41
2344;81;24/5/18;12,04
2345;2;8/11/19;10,16
2346;100;17/1/18;85,25
2347;61;20/3/18;10,96
2348;67;1/3/17;43,5
2349;19;2/10/17;21,11
2350;91;19/7/20;48,08
2351;68;21/7/20;7,41
2352;72;30/8/17;38,91
2353;48;9/3/17;23,34
2354;74;17/5/20;7,01
2355;73;20/8/20;13,25
2356;64;23/9/18;58,54
2357;1;4/2/18;25,79
2358;55;3/9/20;7,44
2359;26;17/3/17;2,92
2360;61;29/1/18;31,21
2361;61;18/11/17;12,07
2362;18;3/12/18;55,41
2363;88;29/12/19;30,87
2364;24;18/10/17;60,49
2365;75;10/4/20;50,07
2366;85;15/5/20;27,18
2367;50;9/8/20;3,15
2368;88;18/3/19;31,57
2369;2;5/7/18;25,27
2370;65;29/6/20;29,08
2371;84;12/5/18;0,79
2372;32;3/12/18;83,39
2373;54;15/7/18;28,91
2374;86;8/12/19;74,8
2375;68;4/11/17;18,07
2376;65;1/5/20;40,59
2377;79;8/5/19;26,37
2378;36;12/12/19;43,44
2379;72;5/5/20;60,84
2380;50;1/12/20;8,89
2381;5;20/11/20;30,54
2382;72;20/6/18;30,07
2383;73;4/12/18;28,68
2384;81;21/2/18;85,48
2385;55;26/12/17;14,69
2386;9;17/1/18;28,15
2387;97;13/10/20;14,04
2388;49;6/4/19;29,65
2389;95;27/10/17;46,21
2390;76;23/1/19;7,6
2391;25;4/1/19;27,82
2392;77;14/9/20;14,81
2393;29;19/6/17;37,94
2394;36;1/1/18;28,87
2395;1;11/1/17;22,08
2396;95;20/8/18;47,83
2397;10;19/10/20;71,75
2398;11;13/10/17;9,5
2399;52;19/2/18;12,36
2400;61;2/2/20;23,39
2401;31;19/4/17;67,81
2402;14;5/6/20;1,31
2403;82;1/6/17;7,09
2404;53;3/3/19;16,34
2405;91;27/2/18;19,85
2406;11;29/6/19;49,66
2407;88;21/10/20;8,82
2408;40;10/4/20;44,86
2409;98;14/10/18;40,03
2410;39;21/11/17;43,69
2411;85;9/6/18;59,34
2412;60;13/8/18;48,24
2413;62;28/12/17;36,27
2414;55;24/10/19;48,83
2415;72;10/9/18;27,93
2416;22;10/2/20;41,48
2417;5;21/10/17;7,56
2418;31;6/4/17;9,07
2419;41;24/5/20;53,93
2420;79;8/3/20;36,43
2421;66;17/11/20;33,69
2422;81;3/7/20;85,02
2423;7;29/1/18;39,3
2424;25;29/9/20;45,52
2425;71;19/3/18;61,15
2426;13;21/5/17;1,56
2427;98;17/12/20;29,11
2428;78;16/6/20;41,54
2429;91;20/12/19;48,78
2430;28;12/8/17;8,62
2431;43;4/3/19;31,65
2432;52;15/11/18;23,09
2433;49;11/1/17;29
2434;60;30/8/18;52,05
2435;5;17/10/20;38,2
2436;77;7/3/19;71,14
2437;83;6/10/17;39,67
2438;57;9/12/20;30,28
2439;60;4/6/18;39,34
2440;4;14/6/17;46,22
2441;59;27/6/20;31,34
2442;66;16/4/19;18,97
2443;10;16/3/19;4,26
2444;39;1/8/18;63,3
2445;16;1/8/20;25,94
2446;79;24/7/20;17,18
2447;67;13/8/19;77,78
2448;56;25/6/20;60,44
2449;95;8/3/20;20,31
2450;58;9/2/19;54,32
2451;64;7/3/19;9,98
2452;90;13/7/17;24,58
2453;81;11/1/18;8,09
2454;42;8/10/20;1,46
2455;70;15/10/17;23,64
2456;2;5/9/19;13,58
2457;88;6/9/17;2,04
2458;81;17/11/19;4,51
2459;70;7/4/19;63,49
2460;30;2/2/19;38,22
2461;95;23/9/18;22,16
2462;7;18/12/20;51,42
2463;86;22/11/18;65,91
2464;85;20/12/20;52,11
2465;90;26/7/20;97,51
2466;55;25/5/20;69,38
2467;93;12/3/20;14,34
2468;73;19/8/17;17,27
2469;45;15/12/18;83,56
2470;78;25/6/19;48,61
2471;24;10/3/17;27,22
2472;48;1/6/17;25,27
2473;65;29/6/20;1,15
2474;14;19/8/19;37,95
2475;74;27/6/18;12,07
2476;94;1/3/19;110,59
2477;9;25/12/19;37,23
2478;42;13/7/19;31,47
2479;26;25/1/19;7,12
2480;65;18/6/19;18,72
2481;95;27/2/18;73,64
2482;48;20/2/17;33,62
2483;15;16/7/19;77,07
2484;85;28/11/18;58,29
2485;13;10/6/18;58,03
2486;55;18/5/17;52,14
2487;80;21/5/17;63,41
2488;59;6/4/19;22,73
2489;80;21/1/17;17,6
2490;48;9/1/20;36,95
2491;89;30/5/20;30,18
2492;50;25/1/18;20,29
2493;60;1/11/18;81,49
2494;27;4/10/20;22,74
2495;54;6/11/19;43,18
2496;99;9/12/17;25,41
2497;15;3/8/17;72,57
2498;21;4/11/18;65
2499;51;29/2/20;78,53
2500;55;29/6/17;50,55
2501;3;1/2/19;45,39
2502;14;5/5/19;8,35
2503;33;2/3/18;75,87
2504;48;18/4/20;16,22
2505;81;15/6/20;5,29
2506;100;1/10/19;14,78
2507;2;15/4/19;28,73
2508;4;13/1/18;2,32
2509;27;18/3/17;39,18
2510;98;2/7/17;20,58
2511;42;22/11/18;23,99
2512;79;12/6/18;7,74
2513;65;9/12/19;21,72
2514;32;22/3/18;57,41
2515;13;17/8/17;21,25
2516;72;6/12/18;13,84
2517;80;2/8/20;43,71
2518;82;30/6/19;54,91
2519;63;9/4/20;21,94
2520;60;6/12/19;66,49
2521;40;6/9/17;9,63
2522;30;22/8/20;13,53
2523;93;28/11/17;10,69
2524;51;1/11/17;7,29
2525;68;13/9/18;12,74
2526;34;1/1/19;11,43
2527;78;12/9/19;49,02
2528;89;5/9/20;22,03
2529;64;29/5/18;2,2
2530;10;29/1/20;18,25
2531;27;27/11/20;5,33
2532;26;14/12/18;30,59
2533;71;8/1/20;26,9
2534;61;3/9/18;55,06
2535;97;1/12/19;17,58
2536;55;26/3/20;20,34
2537;88;7/6/19;14,88
2538;96;5/11/19;9,58
2539;97;25/9/18;61,09
2540;48;22/7/18;66,24
2541;88;15/9/19;38,23
2542;26;3/3/20;94,82
2543;26;13/6/17;37,73
2544;49;16/6/18;11,07
2545;36;22/10/17;21,53
2546;35;22/10/18;47,38
2547;3;7/8/18;97,27
2548;45;10/8/19;29,3
2549;92;29/10/18;51,1
2550;93;23/3/20;63,23
2551;67;20/3/20;60,23
2552;68;27/1/18;19,61
2553;58;17/12/18;16,74
2554;27;12/7/20;20,58
2555;98;18/12/17;77,82
2556;12;5/7/19;32,67
2557;45;28/8/20;14,76
2558;84;10/1/20;38,78
2559;33;3/11/18;14,3
2560;75;19/2/18;4,02
2561;34;23/12/17;20,85
2562;97;26/4/19;49,98
2563;41;26/3/20;21,33
2564;83;16/1/19;41,25
2565;56;14/1/20;5,87
2566;70;24/6/18;30,03
2567;47;8/4/19;39,82
2568;63;5/2/19;2,68
2569;36;1/12/20;50,91
2570;47;9/10/17;18,74
2571;11;1/12/18;1,95
2572;67;1/11/19;7,22
2573;86;13/12/20;2,38
2574;69;25/3/20;4,36
2575;86;30/9/19;20,16
2576;67;25/6/19;60,54
2577;76;5/2/20;41,95
2578;70;20/4/18;34,19
2579;59;3/1/18;10,69
2580;55;2/11/17;1,91
2581;6;15/5/20;18,79
2582;72;9/10/17;20,58
2583;64;3/2/20;2,27
2584;78;20/7/20;18,51
2585;42;19/12/20;46,3
2586;13;11/6/19;41,63
2587;69;28/3/17;24,33
2588;32;9/6/18;52,09
2589;7;3/4/20;54,32
2590;62;13/5/17;33,68
2591;47;8/11/18;17,8
2592;2;15/10/17;93,81
2593;73;22/8/17;4
2594;98;21/5/20;75,99
2595;33;29/7/17;28,96
2596;49;14/9/19;10,2
2597;58;6/10/18;29,28
2598;28;1/1/19;29,98
2599;50;16/10/18;24,26
2600;74;1/4/19;11,77
2601;73;3/11/17;27,06
2602;72;21/2/17;55,32
2603;59;2/12/19;16,13
2604;55;8/9/18;11,78
2605;84;1/5/18;7,86
2606;63;25/8/18;35,19
2607;94;18/12/18;20,75
2608;64;17/9/19;44,43
2609;97;1/5/18;10,74
2610;37;29/12/17;60,43
2611;24;3/1/18;19,82
2612;72;1/11/20;14,62
2613;85;9/12/20;54,19
2614;91;10/9/19;37,87
2615;71;20/1/18;29,09
2616;88;10/12/19;29,86
2617;55;16/6/19;39,47
2618;97;18/3/17;7,88
2619;84;25/12/19;28,97
2620;16;11/6/19;31,64
2621;92;2/3/20;17,5
2622;4;1/7/19;46,61
2623;37;24/4/20;29,38
2624;99;16/1/17;20,71
2625;61;10/4/17;65,23
2626;80;30/9/17;39,17
2627;77;3/7/17;19,43
2628;68;25/3/20;15,47
2629;85;7/8/19;24,62
2630;79;4/11/18;6,65
2631;60;1/8/20;51,01
2632;97;29/12/18;9,99
2633;38;20/7/18;30,22
2634;98;10/8/19;56,48
2635;3;13/11/18;89,22
2636;33;25/3/19;33,93
2637;3;20/8/20;38,45
2638;42;24/3/20;22,82
2639;30;3/8/18;29,8
2640;41;26/2/17;8,9
2641;65;12/5/19;37,67
2642;38;17/10/20;72,87
2643;98;26/9/19;39,15
2644;69;5/12/19;7,4
2645;35;19/6/18;12,8
2646;30;2/4/18;48,15
2647;88;28/12/17;22,5
2648;94;5/7/17;17,54
2649;17;16/3/18;62,83
2650;45;14/3/19;60,35
2651;47;21/2/20;43,65
2652;51;25/2/19;7,34
2653;71;17/4/18;74,4
2654;78;1/6/18;10,54
2655;86;18/9/20;18,87
2656;68;4/12/17;88,73
2657;15;30/9/19;5,94
2658;55;29/10/17;6,02
2659;36;13/1/18;14,57
2660;6;24/10/18;9,14
2661;44;12/9/18;65,05
2662;61;1/11/17;55,57
2663;34;22/11/18;10,64
2664;55;29/4/18;35,69
2665;91;17/1/19;43,98
2666;4;9/5/18;27,53
2667;100;12/4/17;38,18
2668;36;21/1/20;66,57
2669;22;15/3/17;30,08
2670;92;10/7/20;22,66
2671;66;13/4/18;51,82
2672;35;28/1/17;8,09
2673;70;24/12/19;34,24
2674;100;25/5/17;53,88
2675;84;7/11/19;41,65
2676;80;28/9/19;75,87
2677;41;12/12/20;28,75
2678;72;18/4/20;23,89
2679;89;23/8/20;36,63
2680;73;20/3/17;20,93
2681;1;14/6/20;15,48
2682;2;13/2/18;54,57
2683;23;7/10/17;51,09
2684;91;19/9/17;87,69
2685;48;29/9/19;41,3
2686;27;1/4/20;111,9
2687;43;14/11/18;26,95
2688;74;15/2/17;20,88
2689;67;27/5/18;19,33
2690;87;7/8/17;12,94
2691;64;20/6/18;35,97
2692;16;24/7/20;15,52
2693;50;29/6/20;62,72
2694;15;16/11/20;56,41
2695;40;1/4/17;50,42
2696;70;7/1/20;4,31
2697;80;13/4/18;53,39
2698;5;6/8/17;63,56
2699;53;10/10/19;22,69
2700;18;13/8/17;9,51
2701;73;2/2/19;14,66
2702;27;7/2/18;44,93
2703;18;3/5/20;5,17
2704;77;9/7/20;18,96
2705;28;1/3/18;0,74
2706;57;18/2/20;36,08
2707;12;6/1/17;45,78
2708;66;30/1/20;8,33
2709;24;29/11/17;56,63
2710;49;30/12/19;1,57
2711;66;22/1/18;4,97
2712;37;25/5/18;19,57
2713;63;29/12/19;59,14
2714;100;13/10/18;8,6
2715;58;27/4/20;5,74
2716;52;9/9/19;60,99
2717;70;28/2/17;85,6
2718;92;3/7/20;42,36
2719;2;30/7/18;11,09
2720;29;1/7/17;42,74
2721;88;6/7/18;30,35
2722;70;12/11/17;44,89
2723;15;20/6/19;32,92
2724;77;16/10/20;53,12
2725;72;25/2/20;31,88
2726;25;1/7/17;9,26
2727;45;4/11/18;29,46
2728;13;7/2/19;19,47
2729;68;1/10/20;8,46
2730;82;29/11/17;80,99
2731;47;30/6/18;20,05
2732;46;20/10/19;30,78
2733;8;23/1/17;2,11
2734;12;16/1/19;44,37
2735;48;8/5/18;23,68
2736;100;14/4/17;125,52
2737;4;27/3/17;16,21
2738;22;24/6/20;23,31
2739;60;13/9/20;23,03
2740;86;22/4/20;22,4
2741;29;4/4/19;47,66
2742;34;5/6/18;36,28
2743;46;3/5/20;73,45
2744;60;10/5/18;40,28
2745;86;23/3/18;59,84
2746;45;10/5/18;9,9
2747;46;23/5/19;23,05
2748;5;20/4/17;16,69
2749;80;9/11/19;39,92
2750;3;17/6/20;70,23
2751;81;16/5/18;12,05
2752;18;13/9/20;21,64
2753;21;12/10/19;32,9
2754;89;13/3/17;16,15
2755;86;27/7/18;89,78
2756;72;20/9/20;12,27
2757;75;6/4/20;45,42
2758;25;16/9/19;24,68
2759;3;9/4/18;26,43
2760;10;24/6/19;0,5
2761;54;28/9/18;57,54
2762;82;3/11/18;25,01
2763;16;17/1/17;37,47
2764;96;15/3/17;28,01
2765;96;12/10/19;16,8
2766;20;5/10/20;86,45
2767;14;8/12/18;42,27
2768;37;15/1/17;4,37
2769;46;19/1/18;10,52
2770;88;5/9/20;1,94
2771;20;24/11/17;5,29
2772;20;1/4/19;12,43
2773;27;4/12/17;7,78
2774;17;12/12/20;28,68
2775;81;12/7/19;56,68
2776;90;19/2/20;28,8
2777;47;29/12/17;15,95
2778;27;29/3/20;18,69
2779;59;29/7/17;15,16
2780;20;6/5/19;45,96
2781;17;9/9/17;78,74
2782;61;21/2/17;69,44
2783;32;26/6/18;26,36
2784;79;12/2/19;48,42
2785;85;20/5/20;31,19
2786;42;26/1/18;30,54
2787;80;28/2/17;104,07
2788;26;3/11/17;43,56
2789;34;16/7/20;19,24
2790;44;18/7/18;65,95
2791;90;29/7/20;19,4
2792;43;24/2/20;2,15
2793;25;25/6/18;41,72
2794;99;27/11/18;55,25
2795;74;8/10/20;135,12
2796;13;24/2/20;61,94
2797;89;25/6/20;100,97
2798;52;22/5/19;46,7
2799;62;18/9/19;15,96
2800;65;20/4/20;22,82
2801;89;13/8/18;4,78
2802;48;13/2/20;45,65
2803;3;16/3/18;11,3
2804;64;26/2/18;75,7
2805;14;9/4/20;94,99
2806;83;24/12/20;44,2
2807;91;9/6/17;62,89
2808;57;17/8/17;33,96
2809;42;22/3/17;42,48
2810;59;24/5/18;58,69
2811;24;13/7/20;12,6
2812;34;12/9/19;45,34
2813;92;8/4/18;15,63
2814;37;1/6/20;13,29
2815;91;18/1/19;37,66
2816;68;11/5/17;55,62
2817;52;3/9/19;15,85
2818;61;1/10/17;44,51
2819;4;14/4/19;26,33
2820;43;9/2/20;51,78
2821;89;15/6/20;59,42
2822;92;26/2/17;2,18
2823;72;15/9/19;37,46
2824;35;12/12/20;47,57
2825;53;8/9/19;3,36
2826;1;9/11/19;28,92
2827;46;9/1/19;15,37
2828;41;4/10/18;22,14
2829;75;23/10/19;3,28
2830;33;18/8/19;29,72
2831;6;26/11/19;11,58
2832;69;16/10/18;28,17
2833;88;8/12/20;43,44
2834;16;29/4/20;76,23
2835;49;29/2/20;36,53
2836;73;1/7/18;1,95
2837;48;14/9/19;10,07
2838;37;22/11/18;41,42
2839;51;17/11/17;14,99
2840;94;6/10/19;43,73
2841;28;4/3/20;10,96
2842;75;26/8/18;36,26
2843;80;16/9/18;5,42
2844;92;13/5/19;52,18
2845;100;9/3/18;8,13
2846;35;14/1/20;40,96
2847;92;10/11/17;35,3
2848;16;13/8/19;13,72
2849;54;14/2/18;17,73
2850;52;7/8/17;35,57
2851;82;30/6/20;2,56
2852;90;1/9/17;56,5
2853;1;14/2/17;17,31
2854;68;3/12/20;48,77
2855;78;11/12/19;28,09
2856;18;25/2/19;68,21
2857;17;11/3/17;3,83
2858;12;4/1/19;44,67
2859;60;3/2/19;13,3
2860;30;14/4/17;63,99
2861;14;6/4/17;0,54
2862;9;25/1/19;15,02
2863;47;10/9/19;12,01
2864;76;5/5/18;39,55
2865;41;9/6/18;31,5
2866;45;11/5/17;40,21
2867;84;29/11/19;10,59
2868;71;23/2/17;60,9
2869;8;18/4/18;18,32
2870;70;5/5/19;29,84
2871;46;16/12/18;39,57
2872;38;5/8/17;60,65
2873;84;20/9/20;44,61
2874;66;19/5/19;20,92
2875;47;19/2/17;7,72
2876;8;25/12/18;81,92
2877;1;4/3/20;27,17
2878;85;26/7/17;21,28
2879;12;6/9/19;78,64
2880;78;19/4/17;9,38
2881;41;29/1/17;32,32
2882;48;19/6/20;36,93
2883;95;16/1/19;5,98
2884;68;1/5/19;1,84
2885;11;20/7/19;44,08
2886;93;13/1/19;49,12
2887;8;18/11/18;56,03
2888;51;7/4/18;6,16
2889;39;2/1/19;19,37
2890;7;16/11/19;3,77
2891;31;5/2/18;0,01
2892;32;7/11/19;11,51
2893;33;7/1/20;28,65
2894;14;12/5/17;6,62
2895;39;10/8/19;7,9
2896;80;28/1/17;49,45
2897;5;25/9/20;15,77
2898;14;25/10/19;28,61
2899;86;1/3/19;26,97
2900;78;27/3/19;78,75
2901;80;20/5/18;34,83
2902;76;3/5/17;54,41
2903;35;27/6/19;29,37
2904;37;13/11/20;9,97
2905;29;9/2/18;30,58
2906;15;4/12/17;15,18
2907;98;17/7/18;63,45
2908;39;5/12/17;44,99
2909;56;25/5/18;33,69
2910;100;1/2/19;17,75
2911;90;13/2/18;19,76
2912;23;12/6/19;8,99
2913;77;6/2/20;22,14
2914;63;14/6/18;48,64
2915;51;30/8/17;66,29
2916;6;11/8/18;26,85
2917;72;15/4/17;47,86
2918;100;14/12/19;84,44
2919;23;18/7/17;51,56
2920;64;12/4/17;15,05
2921;6;3/7/19;9,16
2922;41;10/11/19;54,24
2923;66;10/2/17;24,84
2924;12;25/2/18;7,35
2925;87;25/12/20;26,71
2926;21;25/3/19;21,29
2927;93;11/10/17;33,91
2928;3;8/12/17;16,78
2929;58;27/12/17;68,65
2930;10;2/9/19;7,48
2931;65;18/2/17;8,13
2932;26;3/1/19;13,46
2933;45;16/5/17;30,55
2934;69;19/4/18;48,11
2935;32;29/4/17;74,12
2936;96;16/1/19;56,61
2937;86;29/3/17;45,5
2938;99;14/2/18;8,47
2939;83;4/3/19;4,6
2940;28;7/8/18;16,1
2941;97;17/5/20;30,13
2942;21;15/8/17;13,05
2943;97;5/4/18;14,11
2944;97;17/3/18;94,67
2945;58;4/9/18;8,35
2946;50;6/11/19;1,18
2947;78;11/10/20;31,21
2948;60;26/5/20;51,36
2949;63;12/5/17;25,35
2950;62;13/9/17;39,56
2951;94;9/6/18;46,54
2952;28;29/6/19;4,91
2953;72;17/5/19;43,17
2954;98;21/5/20;1,45
2955;48;24/8/18;47,61
2956;81;26/10/17;36,23
2957;21;1/4/19;14,63
2958;43;29/12/19;14,99
2959;55;15/1/20;13,5
2960;24;13/8/20;63,14
2961;80;4/7/18;15,71
2962;12;26/1/19;6,63
2963;34;20/6/20;27,42
2964;76;3/8/18;44,62
2965;29;9/10/20;9,93
2966;47;13/11/19;33,12
2967;9;7/9/20;13,97
2968;97;7/6/17;70,99
2969;21;5/7/20;6,06
2970;74;7/2/20;40,5
2971;63;27/10/18;18,81
2972;53;13/1/17;22,92
2973;85;17/6/17;19,16
2974;13;3/11/17;7,65
2975;13;9/12/20;17,86
2976;26;8/5/18;6,74
2977;43;2/2/18;43,49
2978;8;22/4/19;41,02
2979;30;27/2/19;13,07
2980;8;5/1/18;40,62
2981;53;12/8/19;9,48
2982;29;7/9/17;54,49
2983;10;21/3/18;24,01
2984;68;8/8/17;51,59
2985;62;4/1/19;37,58
2986;12;1/11/18;15,14
2987;22;24/1/19;17,57
2988;42;20/2/19;10,82
2989;73;29/9/19;37,19
2990;95;4/6/17;99,47
2991;32;22/2/20;4,11
2992;20;15/6/19;22,55
2993;26;10/11/18;39,46
2994;32;25/10/19;15,66
2995;65;14/2/18;22,93
2996;62;8/6/19;14,13
2997;62;26/4/19;34,17
2998;74;15/6/17;12,98
2999;8;11/2/17;7,56
3000;15;25/3/17;17,27
3001;5;29/11/18;7,71
3002;80;9/4/18;51,23
3003;98;10/10/19;41,71
3004;87;20/12/18;45,13
3005;33;4/12/20;25,82
3006;24;6/10/19;34,19
3007;55;29/9/17;19,79
3008;7;9/9/17;28,95
3009;29;17/2/17;3,79
3010;60;22/3/19;32,86
3011;12;12/8/20;2,04
3012;94;15/12/20;22,2
3013;78;19/8/19;60,19
3014;47;9/3/20;25,14
3015;85;4/10/17;12,9
3016;27;11/6/19;5,65
3017;32;4/1/17;56,11
3018;18;16/12/20;16,47
3019;99;26/12/18;19,86
3020;56;17/9/20;3,69
3021;4;9/10/17;36,31
3022;33;19/1/17;28,61
3023;6;16/1/17;79,26
3024;92;11/4/19;78,62
3025;53;4/9/17;7,84
3026;28;21/4/18;54,38
3027;50;11/6/17;29,75
3028;63;5/4/19;51,88
3029;41;8/3/19;7,33
3030;9;29/4/20;34,89
3031;48;5/4/20;6,17
3032;38;6/9/19;77,76
3033;3;10/11/18;6,4
3034;55;10/3/18;24,3
3035;23;12/4/20;39,68
3036;73;5/12/19;10,21
3037;5;11/6/17;2,55
3038;29;15/8/20;72,75
3039;72;18/6/19;23,55
3040;23;3/7/20;23,01
3041;51;12/11/19;16,83
3042;17;2/9/17;60,4
3043;2;16/4/20;8,97
3044;89;20/7/19;41,32
3045;82;29/3/20;51,39
3046;31;28/9/19;15,6
3047;62;4/5/18;33,56
3048;29;25/2/20;51,92
3049;7;2/1/18;18,04
3050;100;2/6/20;14,25
3051;26;29/9/19;25,73
3052;50;6/2/17;39,18
3053;99;7/9/17;3,4
3054;78;28/10/17;31,79
3055;9;14/6/17;61,3
3056;63;19/4/17;2,81
3057;36;25/12/19;5,02
3058;92;15/11/18;82,52
3059;1;13/5/17;90,15
3060;21;1/7/20;13,72
3061;10;14/11/19;9,1
3062;26;1/3/17;59,18
3063;70;4/2/20;54,77
3064;78;1/5/18;33,57
3065;69;24/4/18;51,51
3066;65;20/4/19;38,64
3067;57;9/5/17;29,79
3068;89;15/7/19;35,85
3069;20;13/8/20;56,84
3070;67;14/8/17;70,86
3071;37;15/10/17;9,24
3072;17;26/8/18;1,68
3073;59;10/5/20;15,81
3074;64;8/10/20;60,22
3075;19;1/3/20;85,06
3076;87;17/8/17;51,39
3077;79;14/9/20;20,71
3078;80;18/2/18;25,06
3079;10;18/7/20;76,49
3080;25;26/8/18;75,15
3081;81;26/3/20;3,3
3082;13;27/10/18;19,62
3083;47;4/12/18;24,86
3084;91;12/1/20;80,63
3085;83;17/2/20;19,9
3086;4;22/4/17;2,06
3087;12;3/12/17;7,54
3088;91;23/2/19;20,39
3089;36;30/9/20;9,95
3090;50;22/7/18;0,05
3091;1;28/3/20;73,63
3092;20;23/8/18;38,64
3093;4;21/4/17;57,04
3094;88;29/1/20;23,64
3095;98;17/10/20;35,38
3096;10;24/2/18;36,18
3097;2;5/12/19;12,77
3098;52;1/10/17;10,27
3099;18;19/9/20;25,42
3100;77;9/12/17;45,87
3101;84;1/7/17;3,76
3102;32;21/7/17;2,44
3103;91;2/11/17;63,43
3104;39;21/3/19;9,14
3105;97;9/10/19;49,65
3106;78;21/12/18;10,45
3107;83;2/12/19;40,68
3108;83;13/7/17;42,36
3109;8;13/1/20;8,08
3110;73;11/8/20;18,34
3111;47;28/2/19;1,39
3112;52;25/1/18;95,81
3113;4;24/1/18;27,7
3114;44;29/10/18;8,01
3115;21;28/10/17;78,27
3116;59;18/2/19;67,49
3117;100;2/6/19;33,86
3118;17;8/3/19;1,25
3119;79;8/7/17;53,75
3120;94;24/3/18;72,03
3121;29;14/10/18;96,57
3122;88;23/3/18;21,91
3123;17;14/9/18;23,32
3124;7;12/12/17;0,77
3125;61;21/9/19;33,74
3126;79;9/1/17;27,93
3127;66;7/3/20;11,53
3128;46;19/5/20;4,04
3129;80;19/6/20;3,77
3130;7;19/2/18;43,75
3131;66;29/5/18;52,49
3132;90;26/1/18;31,24
3133;49;8/1/19;41,86
3134;75;27/4/20;32,05
3135;62;27/11/20;46,23
3136;11;13/6/20;20,99
3137;16;5/7/20;37,11
3138;19;25/4/18;37,02
3139;10;14/2/18;22,83
3140;36;20/8/19;5,27
3141;3;8/2/18;21,03
3142;2;27/5/17;73,13
3143;85;18/7/19;6,25
3144;89;13/9/19;2,02
3145;91;3/8/17;3,25
3146;54;2/8/19;0,64
3147;39;27/4/18;32
3148;62;10/9/19;58,09
3149;98;28/6/17;29,11
3150;100;29/6/18;57,54
3151;3;12/10/20;18,12
3152;80;20/1/17;50,4
3153;91;30/12/20;63,32
3154;31;4/11/19;13,48
3155;26;8/5/18;25,63
3156;49;8/5/19;25,15
3157;3;19/5/19;63,45
3158;30;9/6/17;27,41
3159;14;19/8/18;68,65
3160;34;10/7/20;27,21
3161;70;4/9/19;6,92
3162;49;23/7/18;71,93
3163;40;25/11/20;1,46
3164;6;18/10/20;32,88
3165;72;2/4/18;62,8
3166;98;10/5/18;20,92
3167;47;30/7/18;36,58
3168;96;4/12/19;22,57
3169;93;12/10/17;77,68
3170;92;24/2/18;30,67
3171;27;5/12/18;25,09
3172;44;5/10/19;50,03
3173;99;30/1/18;25,42
3174;12;19/10/17;19,36
3175;88;15/4/17;9,93
3176;10;20/12/18;21,69
3177;33;2/11/18;82,32
3178;45;20/8/18;70,72
3179;28;23/8/20;50,94
3180;39;15/11/20;28,23
3181;69;29/11/19;70,29
3182;52;2/3/19;25,68
3183;19;1/2/17;37,59
3184;9;27/4/20;59,64
3185;78;23/1/19;18,1
3186;30;16/3/18;5,17
3187;30;27/8/18;14,13
3188;35;5/4/20;35,7
3189;40;3/10/20;25,08
3190;18;24/12/20;35,73
3191;98;26/3/17;21,75
3192;17;11/12/20;78,96
3193;41;23/7/20;10,23
3194;69;23/11/18;24,91
3195;73;20/5/17;19,73
3196;1;3/1/17;35,25
3197;7;28/3/17;17,71
3198;26;19/3/19;8,42
3199;3;7/2/17;10,23
3200;53;13/2/18;11,43
3201;58;9/4/18;35,76
3202;17;1/9/19;10,15
3203;1;9/11/17;51,9
3204;38;18/4/17;23,4
3205;42;27/5/19;22,88
3206;83;12/3/20;83,76
3207;90;12/3/18;55,08
3208;18;21/1/19;14,05
3209;57;17/10/17;67,45
3210;8;1/11/18;5,65
3211;14;14/8/18;105,22
3212;25;6/4/18;97,67
3213;44;29/11/17;9,39
3214;89;18/4/20;17,25
3215;83;19/5/18;26,99
3216;47;16/7/18;17,05
3217;64;9/1/18;54,3
3218;61;10/9/20;31,5
3219;82;5/4/17;18,47
3220;63;26/5/17;11,7
3221;8;3/1/19;85,18
3222;2;13/12/20;6,23
3223;8;3/12/17;5,94
3224;79;20/10/20;8,19
3225;25;3/1/20;7,24
3226;86;27/8/19;26,24
3227;1;28/6/19;1,05
3228;2;20/8/20;87,48
3229;26;19/6/17;28,52
3230;59;1/12/17;20,59
3231;100;25/11/19;30,08
3232;3;25/10/20;56,3
3233;10;8/9/18;19,29
3234;47;21/11/18;94,57
3235;91;12/9/17;30,61
3236;99;10/8/18;39,13
3237;21;15/11/20;7,29
3238;80;19/8/20;37,25
3239;72;27/4/18;63,75
3240;40;7/11/19;18,56
3241;75;12/4/19;14,31
3242;9;10/7/17;50,19
3243;5;21/6/19;39,04
3244;31;4/6/19;3,2
3245;56;5/2/19;12,24
3246;1;17/3/20;53,35
3247;57;30/4/19;21,95
3248;38;4/4/18;34,05
3249;56;7/11/19;68,2
3250;28;2/11/20;46,19
3251;23;13/12/17;16,22
3252;95;26/9/17;9,82
3253;35;18/9/20;45,35
3254;85;21/5/19;0,62
3255;16;7/9/20;49,11
3256;25;23/7/20;40,8
3257;1;12/10/18;16,14
3258;8;10/8/18;7,25
3259;50;16/2/17;46,02
3260;85;3/6/20;1,1
3261;64;3/2/19;41,01
3262;1;4/11/18;15,33
3263;48;14/11/20;68,75
3264;25;24/8/17;20,66
3265;26;10/12/19;73,04
3266;55;10/7/18;15,99
3267;27;4/11/20;45,17
3268;2;1/7/19;24,24
3269;16;13/6/17;36,97
3270;47;23/2/18;55,32
3271;46;21/7/17;44,15
3272;62;4/7/19;75,15
3273;91;24/6/17;25,2
3274;9;11/10/17;39,73
3275;45;6/8/20;41,24
3276;10;28/4/18;16,76
3277;16;5/12/20;5,37
3278;47;11/3/17;33,95
3279;60;26/1/17;42,3
3280;6;15/8/19;53,28
3281;26;27/11/19;60,2
3282;70;14/1/19;6,09
3283;43;8/10/20;47,18
3284;4;6/11/18;65,12
3285;99;4/8/18;67,81
3286;7;23/8/20;30,11
3287;15;28/10/17;17,53
3288;64;8/9/18;88,76
3289;10;9/11/19;2,04
3290;28;4/4/17;13,31
3291;26;4/8/19;15,46
3292;71;15/11/18;15,33
3293;77;12/1/18;9,98
3294;83;21/3/18;21,65
3295;34;14/1/20;55,46
3296;11;6/4/20;13,7
3297;48;30/9/19;47,63
3298;83;12/5/17;25,77
3299;2;4/4/20;2,99
3300;63;27/3/17;18,53
3301;72;23/8/18;45,12
3302;62;11/8/17;16,83
3303;35;19/12/18;69,79
3304;38;2/4/20;69,55
3305;58;4/8/17;37,79
3306;14;19/2/19;15,12
3307;65;26/1/18;5,15
3308;8;11/10/20;20,13
3309;78;5/5/19;9,37
3310;67;9/4/18;2,78
3311;57;12/1/17;32,69
3312;25;10/1/17;67,05
3313;7;4/12/19;22,32
3314;78;15/9/19;8,47
3315;98;7/6/17;21,44
3316;49;5/2/18;17,72
3317;24;4/1/19;46,49
3318;79;7/2/20;47,56
3319;79;22/4/19;18,21
3320;4;3/5/20;28,65
3321;50;22/4/18;62,02
3322;89;1/10/20;58,66
3323;62;30/7/20;47,81
3324;11;28/2/20;32,02
3325;62;16/7/17;18,11
3326;35;23/11/17;9,4
3327;82;19/4/20;63,22
3328;58;29/5/20;38,79
3329;87;14/4/20;2,99
3330;75;11/5/19;0,81
3331;83;4/9/19;44,21
3332;10;12/10/18;10,94
3333;35;22/3/18;27,69
3334;41;16/5/20;13,57
3335;1;3/2/20;2,44
3336;23;13/3/20;29,77
3337;87;16/1/18;52,89
3338;54;5/6/17;83,5
3339;69;25/4/18;41,27
3340;36;20/11/20;31,01
3341;58;15/7/20;9,99
3342;28;7/12/19;29,21
3343;96;10/12/17;7,81
3344;25;24/7/20;56,08
3345;9;26/2/19;44,1
3346;84;29/6/18;26,64
3347;64;5/7/20;27,35
3348;66;30/4/17;72,72
3349;43;30/8/17;2,54
3350;91;19/5/17;57,22
3351;21;2/7/17;19,84
3352;63;13/12/18;26,62
3353;98;14/10/20;7,86
3354;37;8/8/17;46,72
3355;86;3/9/18;16,51
3356;74;5/12/20;36,42
3357;4;12/10/18;50,47
3358;24;16/2/20;13,58
3359;46;20/11/19;15,8
3360;41;30/7/19;12,66
3361;37;3/3/17;14,69
3362;61;13/7/17;7,74
3363;86;29/3/19;4,12
3364;16;24/10/20;2,16
3365;14;22/5/18;21,11
3366;15;14/1/18;14,18
3367;16;11/3/18;45,29
3368;23;15/7/17;11,94
3369;76;2/11/18;92,72
3370;96;11/8/18;40,56
3371;17;20/8/17;2,34
3372;41;12/6/18;2,71
3373;20;3/5/17;48,33
3374;21;15/1/19;8,06
3375;59;15/1/17;1,78
3376;39;10/5/19;40,54
3377;57;6/4/18;5,21
3378;2;15/5/20;4,17
3379;75;2/12/17;11,6
3380;75;22/6/17;6,95
3381;79;19/3/20;67,3
3382;68;29/6/20;21,96
3383;84;22/10/18;67,95
3384;64;10/8/18;39,43
3385;20;24/4/20;6,17
3386;96;19/5/18;14,4
3387;31;18/4/19;11,41
3388;18;17/8/17;13,4
3389;90;5/6/20;43,57
3390;84;20/1/19;18,38
3391;85;28/2/18;12,56
3392;50;6/1/20;21,58
3393;59;12/7/20;0
3394;82;15/9/17;35,91
3395;36;25/8/18;2,8
3396;30;29/1/18;19,8
3397;78;16/3/17;23,31
3398;7;15/3/18;24
3399;68;28/8/19;38,49
3400;3;15/8/18;27,17
3401;63;18/1/18;35,59
3402;61;25/3/19;13,24
3403;36;2/6/19;49,36
3404;57;11/6/17;10,56
3405;10;21/6/18;28,38
3406;39;3/2/19;14,88
3407;47;15/10/19;63,78
3408;58;25/3/17;51,31
3409;45;7/7/20;68,86
3410;47;1/4/18;59,26
3411;75;23/9/18;36,41
3412;36;13/7/19;2,59
3413;54;20/8/18;12,16
3414;45;30/9/19;8,93
3415;62;29/8/18;4,14
3416;89;7/11/20;38,88
3417;29;26/1/20;3,63
3418;72;25/7/19;52,29
3419;23;11/8/19;25,37
3420;35;21/5/20;12,31
3421;32;21/12/19;28,01
3422;37;27/11/17;1,8
3423;92;3/8/20;61,01
3424;16;5/3/17;31,29
3425;59;1/10/20;51,34
3426;14;10/4/20;59,17
3427;34;13/5/19;7,24
3428;62;30/7/20;44,4
3429;94;26/4/18;91,4
3430;43;2/3/18;66,07
3431;18;20/1/18;33,38
3432;29;27/10/20;6,65
3433;7;28/4/19;43,76
3434;51;4/9/18;1,89
3435;54;26/4/20;49,05
3436;92;16/10/17;91,99
3437;75;17/9/18;66,79
3438;35;29/10/17;59,07
3439;7;1/3/20;17,52
3440;88;6/2/20;1,82
3441;73;4/8/18;26,42
3442;75;19/8/17;93,6
3443;70;3/6/19;25,49
3444;4;24/11/19;55,49
3445;3;24/2/18;68,25
3446;65;20/8/19;43,31
3447;20;10/10/18;29,62
3448;48;13/12/18;1,46
3449;86;23/4/19;64,51
3450;70;25/11/19;42,04
3451;22;21/6/20;26,05
3452;84;30/7/20;38,12
3453;72;27/8/20;52,56
3454;24;30/1/17;79,27
3455;36;7/5/19;12,58
3456;81;22/7/18;44,28
3457;19;11/1/18;4,98
3458;25;10/7/18;20,57
3459;71;5/7/18;20,58
3460;53;9/11/17;18,2
3461;78;17/10/20;30,82
3462;94;16/10/18;15,2
3463;26;2/1/19;120,44
3464;79;26/11/18;4,62
3465;66;2/11/20;27,18
3466;39;25/7/18;57,64
3467;35;18/10/19;75,91
3468;60;2/1/19;44,48
3469;47;8/11/20;29,85
3470;24;7/2/18;65,55
3471;4;9/7/19;80,29
3472;48;19/10/20;44,74
3473;9;2/1/20;45,12
3474;40;14/9/18;41,95
3475;89;25/6/18;49
3476;29;16/5/19;21,99
3477;85;27/10/20;25,57
3478;47;29/11/20;15,08
3479;59;18/1/18;31,63
3480;51;5/2/17;30,25
3481;70;6/6/17;68,9
3482;71;19/2/20;6,29
3483;53;6/4/20;59,67
3484;56;29/11/18;30,05
3485;29;8/4/19;25,52
3486;96;21/11/19;48,83
3487;32;9/7/18;59,7
3488;16;11/6/20;34,64
3489;79;21/7/19;5,13
3490;13;9/5/20;7,24
3491;12;30/1/20;28,92
3492;58;18/7/20;30,96
3493;33;11/3/18;8,48
3494;46;10/10/17;17,16
3495;6;14/9/19;34,76
3496;25;7/11/20;43,09
3497;89;17/2/20;26,57
3498;58;14/7/17;16,27
3499;18;18/11/19;26,03
3500;81;15/8/20;39,16
3501;46;2/3/17;64,13
3502;30;11/7/19;50,33
3503;59;15/9/20;75,81
3504;81;24/4/19;18,03
3505;28;15/10/18;10,15
3506;25;9/11/17;57,34
3507;92;17/12/18;68,29
3508;68;2/7/17;47,01
3509;89;6/9/20;5,18
3510;98;14/3/19;37,46
3511;41;11/11/19;47,94
3512;41;28/8/19;18,31
3513;73;6/6/19;18,53
3514;91;13/4/18;20,58
3515;3;2/1/19;53,97
3516;79;24/5/17;7,78
3517;97;7/3/17;1,26
3518;37;19/7/17;9,68
3519;46;18/9/18;32,25
3520;51;25/6/17;20,99
3521;9;2/11/18;63,33
3522;2;28/11/18;29,89
3523;78;9/8/20;26,44
3524;17;24/4/19;0,97
3525;44;28/10/18;28,93
3526;54;20/8/20;2,49
3527;26;17/6/19;48,03
3528;38;10/11/19;64,83
3529;99;17/5/17;111,88
3530;16;16/5/17;10,92
3531;95;3/2/18;34,66
3532;55;7/7/20;14,49
3533;32;24/5/18;37,3
3534;78;7/9/20;60,6
3535;90;10/4/19;27,86
3536;61;16/8/17;67,5
3537;65;18/3/18;26,96
3538;12;25/4/20;24,41
3539;11;21/1/20;21,76
3540;32;20/9/17;17,47
3541;97;2/5/18;0,08
3542;23;5/2/18;8,46
3543;7;25/9/18;58,91
3544;69;28/2/17;12,49
3545;47;2/11/19;66,74
3546;9;3/6/18;31,4
3547;59;8/8/19;26,62
3548;23;25/7/19;45,9
3549;54;14/5/17;11,84
3550;72;5/9/17;2,81
3551;38;20/1/19;46,81
3552;54;24/3/18;17,7
3553;2;6/8/17;0,52
3554;5;26/11/18;22,43
3555;77;11/2/18;26,08
3556;16;16/4/18;9,23
3557;21;28/12/19;1,82
3558;66;25/9/19;5,58
3559;74;18/3/18;35,66
3560;63;7/5/20;16,58
3561;67;28/7/18;1,38
3562;96;19/4/19;12,75
3563;18;24/10/19;8,73
3564;41;11/4/19;70,64
3565;71;18/7/20;79,15
3566;67;11/6/19;61,85
3567;25;13/7/19;25,07
3568;88;9/12/20;8,28
3569;84;30/3/17;44,94
3570;41;18/1/18;75,92
3571;73;17/4/19;42,49
3572;16;28/5/18;5,81
3573;45;21/11/19;17,85
3574;18;24/7/17;18,25
3575;48;17/2/17;3,07
3576;66;23/12/19;50,36
3577;95;6/6/18;20,1
3578;96;16/9/17;78,77
3579;90;2/12/18;25,98
3580;40;26/1/18;36,14
3581;9;10/8/19;54,91
3582;65;8/2/19;2,24
3583;98;9/11/17;37,57
3584;40;14/7/18;19,82
3585;93;24/4/20;86,36
3586;86;24/12/20;23,81
3587;61;28/4/19;52,2
3588;71;14/1/18;24,52
3589;77;30/8/19;30,5
3590;14;3/12/19;79,73
3591;32;13/12/20;56,18
3592;95;9/12/19;46,09
3593;54;5/6/18;32,83
3594;31;8/5/17;19,57
3595;69;26/2/17;10,8
3596;97;27/8/20;23,72
3597;76;8/4/17;30,83
3598;80;25/4/18;10,69
3599;51;15/5/18;81,49
3600;34;23/3/20;37,79
3601;61;27/1/17;12,51
3602;39;12/6/19;6,5
3603;75;25/12/19;28,39
3604;30;21/5/18;13,63
3605;53;27/5/20;12,35
3606;97;17/7/18;21,52
3607;95;12/9/19;21,9
3608;34;12/2/20;43,35
3609;33;22/7/19;74,82
3610;32;6/11/17;6,81
3611;69;5/8/19;45,31
3612;77;3/7/19;8,8
3613;22;22/1/19;5,09
3614;91;28/12/19;34,54
3615;60;8/7/17;0,9
3616;50;22/8/20;73,14
3617;31;23/7/20;4,95
3618;75;26/11/20;52,87
3619;36;5/3/18;64,98
3620;61;27/8/20;12,86
3621;48;19/6/19;38,72
3622;98;4/11/17;5,79
3623;53;24/6/18;16,76
3624;48;9/8/20;42,95
3625;29;4/6/17;3,19
3626;2;19/3/19;19,62
3627;96;6/1/18;57,17
3628;43;26/6/18;24,15
3629;65;5/1/20;1,43
3630;79;7/2/19;85,17
3631;70;9/4/18;51,72
3632;55;13/4/18;48,72
3633;28;12/9/18;9,78
3634;18;3/6/17;17,41
3635;10;4/1/18;41,2
3636;70;10/7/17;27,16
3637;63;3/9/19;48,11
3638;50;27/12/20;5,64
3639;68;8/11/18;56,32
3640;91;28/12/20;4,17
3641;91;29/6/18;40,24
3642;95;20/11/17;3,03
3643;4;17/12/17;39
3644;21;6/3/18;4,1
3645;74;12/5/20;66,39
3646;16;5/12/17;18,18
3647;45;20/1/17;25,85
3648;7;23/10/17;47,8
3649;50;21/1/18;33,02
3650;88;2/2/19;29,09
3651;44;15/4/19;18,11
3652;68;3/9/17;57,95
3653;30;28/6/20;30,65
3654;53;6/4/17;92,7
3655;3;7/8/20;55,2
3656;71;9/5/19;28,88
3657;6;18/3/19;27,57
3658;16;20/9/19;19,73
3659;69;13/8/17;41,93
3660;51;6/2/18;57,28
3661;13;11/7/19;26,96
3662;78;2/4/18;26,08
3663;98;13/3/17;58,43
3664;45;16/11/17;29,16
3665;52;28/7/19;68,25
3666;11;10/9/19;62,17
3667;6;10/12/18;106,88
3668;10;16/3/20;44,41
3669;25;13/1/19;19,87
3670;24;29/3/18;9,01
3671;35;27/7/17;9,1
3672;5;20/4/18;5,17
3673;18;14/5/17;37,28
3674;2;14/2/17;25,2
3675;41;25/12/18;49,01
3676;54;20/5/17;8,84
3677;65;5/3/17;39,09
3678;15;14/7/17;12,63
3679;90;21/7/18;4,19
3680;39;2/9/17;4,41
3681;20;13/11/17;35,34
3682;62;22/3/17;30,2
3683;69;1/1/20;19,09
3684;73;10/12/18;14,39
3685;61;17/1/20;18,93
3686;58;16/4/20;25,77
3687;40;6/4/18;30,23
3688;32;28/8/18;5,06
3689;62;1/6/20;50,64
3690;31;9/3/19;14,8
3691;22;2/9/19;1,02
3692;8;9/6/17;4,51
3693;4;30/4/20;20,06
3694;91;26/9/20;81,2
3695;83;26/2/18;38,23
3696;79;28/11/19;40,3
3697;20;13/8/20;8,58
3698;25;16/4/19;69,06
3699;60;11/7/18;5,27
3700;20;11/9/20;39,31
3701;10;4/3/20;11,32
3702;3;18/3/20;69,77
3703;89;13/2/17;62,39
3704;35;23/3/17;50,05
3705;30;18/5/19;21,06
3706;4;12/5/19;56,38
3707;38;24/3/20;8,64
3708;94;25/11/20;31,05
3709;18;10/3/17;9,24
3710;26;27/12/20;32,51
3711;83;25/4/17;65,45
3712;17;28/1/20;45,44
3713;30;28/7/20;32,32
3714;62;5/6/17;4,31
3715;33;21/8/18;65,76
3716;48;25/4/20;64,04
3717;50;10/4/20;86,68
3718;98;9/10/20;17,58
3719;97;5/8/17;15,21
3720;6;19/1/17;56,65
3721;19;19/1/20;47,33
3722;18;14/8/18;17,54
3723;88;28/10/19;50,35
3724;79;11/11/18;26,03
3725;89;6/2/18;44,36
3726;20;23/7/19;71,46
3727;15;12/6/18;11,96
3728;47;20/10/17;37,51
3729;6;9/5/18;0,03
3730;80;26/6/17;31,6
3731;34;21/2/19;21,27
3732;54;3/6/18;65,47
3733;63;5/5/18;25,93
3734;99;11/2/20;22,03
3735;82;12/4/20;11,71
3736;50;19/2/17;53,81
3737;65;21/3/20;43,43
3738;38;27/12/17;62,68
3739;53;12/2/18;2,98
3740;79;21/8/18;25,62
3741;71;2/2/19;38,32
3742;71;10/7/19;32,4
3743;63;11/6/18;13,79
3744;23;7/6/18;20,05
3745;47;15/3/17;12,15
3746;22;19/12/17;84,81
3747;46;8/4/18;61
3748;59;13/7/20;20,45
3749;11;20/5/17;1,53
3750;45;18/11/18;38,8
3751;59;28/1/18;9,62
3752;36;15/7/19;43,05
3753;53;17/1/18;25,16
3754;27;17/12/19;7,29
3755;82;27/11/20;26,66
3756;36;26/2/19;38,74
3757;4;22/11/18;83,36
3758;45;4/10/18;53,1
3759;99;7/8/20;26,07
3760;9;8/8/17;30,85
3761;54;20/4/19;60
3762;93;2/5/17;76,6
3763;30;17/10/18;9,04
3764;80;2/8/20;19,28
3765;26;8/6/20;31,41
3766;31;4/1/17;10,65
3767;28;20/6/17;43,79
3768;68;14/6/20;62,18
3769;49;18/10/17;8,67
3770;5;15/10/19;47,1
3771;82;25/5/19;55,88
3772;78;18/11/20;4,27
3773;64;14/4/19;28,08
3774;88;28/6/20;6,72
3775;6;20/8/17;49,19
3776;22;15/3/18;47,03
3777;6;14/1/17;39,85
3778;1;30/1/19;39,91
3779;63;28/12/20;4,96
3780;82;5/2/17;8,76
3781;34;19/5/19;21,27
3782;13;22/4/19;26,08
3783;40;25/12/19;44,53
3784;95;30/7/19;75,16
3785;33;7/7/17;40,69
3786;85;23/8/17;54,03
3787;49;30/4/19;42,22
3788;80;6/8/17;52,26
3789;38;1/7/18;20,05
3790;97;9/11/18;38,54
3791;61;27/7/18;13,68
3792;28;2/10/18;25,57
3793;38;5/8/17;30,88
3794;76;30/1/17;3,52
3795;91;19/6/19;6,37
3796;19;5/4/20;43,3
3797;73;20/7/20;70,42
3798;78;30/1/19;1,55
3799;73;1/6/17;85,91
3800;64;23/4/19;2,23
3801;85;8/3/17;12,07
3802;74;29/5/18;0,15
3803;66;19/6/18;54,09
3804;25;27/12/20;39,08
3805;98;25/10/17;2,49
3806;49;19/11/20;22,31
3807;23;30/4/17;37,79
3808;5;3/4/19;2,21
3809;70;1/10/20;1,97
3810;25;2/3/19;44,45
3811;54;23/3/19;15,8
3812;86;1/9/17;74,27
3813;1;3/12/19;1,66
3814;38;4/8/18;16,52
3815;100;8/6/17;20,05
3816;92;6/8/17;41,18
3817;20;18/10/20;44,07
3818;64;17/4/19;27,55
3819;6;1/9/20;50,33
3820;44;8/10/20;58,53
3821;46;11/3/18;51,54
3822;53;24/8/17;15,91
3823;12;20/11/19;26,44
3824;46;19/1/20;42,05
3825;21;6/10/17;25,05
3826;73;15/10/17;27,3
3827;7;23/8/18;33,81
3828;76;2/11/17;34,97
3829;66;24/1/20;48,74
3830;94;6/4/20;4,24
3831;2;1/3/19;14,67
3832;2;13/7/19;97,22
3833;75;24/1/17;59,35
3834;16;10/5/18;37,45
3835;89;12/7/18;11,09
3836;11;12/8/18;12,55
3837;14;19/11/19;26,61
3838;56;29/3/18;32,19
3839;53;1/11/20;17,07
3840;22;11/11/17;13,73
3841;86;18/6/19;11,05
3842;51;15/4/18;39,25
3843;39;26/8/17;28,83
3844;7;15/12/18;20,07
3845;39;22/2/19;20,41
3846;59;19/11/18;1,65
3847;58;13/3/19;11,09
3848;59;17/10/19;76,95
3849;96;2/9/19;11,44
3850;20;22/1/17;32,42
3851;52;16/8/20;1,4
3852;1;17/7/20;12,3
3853;88;21/11/18;2,42
3854;44;20/1/19;0,65
3855;19;23/3/19;54,53
3856;23;24/1/20;8,01
3857;9;30/4/19;45,8
3858;22;9/11/18;17,4
3859;59;18/3/19;74,27
3860;51;21/9/20;50,21
3861;18;2/3/17;32,35
3862;92;14/3/20;17,26
3863;48;6/6/20;34,06
3864;71;1/7/17;38,26
3865;20;5/10/17;50,59
3866;79;17/7/18;2,57
3867;37;9/4/17;60,59
3868;88;9/8/18;14,41
3869;20;23/7/17;8,86
3870;5;19/1/20;17,21
3871;15;20/2/20;10,58
3872;43;25/12/19;21,57
3873;26;21/7/18;34,93
3874;73;24/11/20;26,16
3875;36;23/8/19;5,37
3876;25;13/12/19;8,69
3877;27;18/2/17;34,17
3878;21;17/9/18;45,16
3879;15;29/5/20;72,09
3880;63;1/3/17;39,95
3881;67;14/1/18;24,43
3882;71;24/7/18;71,33
3883;62;14/4/19;83,32
3884;50;5/4/19;38,51
3885;82;22/11/17;60,26
3886;71;15/2/19;36,3
3887;51;11/7/19;31,28
3888;54;30/7/20;8,29
3889;42;29/11/17;14,51
3890;95;2/5/17;4,66
3891;59;13/1/17;37,68
3892;39;16/12/19;21,08
3893;75;2/7/18;50,25
3894;62;24/4/17;3,64
3895;25;29/9/19;0,49
3896;32;11/7/17;62,51
3897;43;21/8/19;36,64
3898;99;20/3/17;31,17
3899;59;4/1/18;26,19
3900;46;17/11/18;5,25
3901;65;9/7/20;8,72
3902;92;24/2/20;21,46
3903;5;2/4/17;34,92
3904;96;28/2/20;19,81
3905;65;11/8/20;29,46
3906;76;17/5/18;10,64
3907;97;7/8/17;51,41
3908;89;4/6/18;22,98
3909;82;6/5/20;13,22
3910;78;16/10/19;1,05
3911;35;16/6/20;8,26
3912;8;30/5/18;14,15
3913;83;28/6/17;15,89
3914;16;14/8/18;4,05
3915;6;19/12/18;8,91
3916;81;23/8/17;22,12
3917;43;14/4/18;63,34
3918;96;8/11/18;8,26
3919;82;2/12/19;31,14
3920;36;1/2/19;10,62
3921;35;20/3/20;22,62
3922;19;8/4/18;47,44
3923;94;18/12/20;14,52
3924;45;5/3/19;74,54
3925;70;14/9/20;46
3926;57;25/7/18;26,68
3927;99;16/12/20;21,27
3928;39;28/11/17;57,28
3929;91;23/1/20;10,49
3930;28;8/5/20;37,05
3931;39;21/8/19;23,32
3932;8;18/2/18;32,48
3933;87;1/5/20;66,42
3934;34;24/3/19;11,3
3935;7;30/9/19;4,69
3936;1;14/1/18;38,68
3937;46;23/7/18;30,72
3938;54;29/1/18;24,94
3939;57;28/10/20;27,37
3940;85;10/2/17;32,65
3941;12;7/6/17;21,22
3942;37;10/11/17;25,4
3943;14;28/11/18;11,67
3944;52;22/6/20;10,09
3945;100;4/3/18;37,26
3946;69;23/4/18;7,61
3947;86;15/12/17;60,24
3948;50;19/6/19;62,26
3949;2;14/10/19;25,55
3950;58;26/12/20;52,6
3951;88;15/3/20;33,45
3952;7;24/11/18;17,39
3953;23;23/3/20;21,12
3954;30;27/8/17;45,68
3955;2;17/12/17;34
3956;81;24/2/19;25,93
3957;55;30/11/19;93,2
3958;17;15/12/18;34,64
3959;8;14/11/18;68,16
3960;38;29/8/20;22,05
3961;4;16/7/19;50,66
3962;48;26/3/19;3,41
3963;2;29/12/20;46,88
3964;95;29/5/19;38,44
3965;75;26/1/17;6,13
3966;48;22/4/20;4,76
3967;70;12/1/20;51,36
3968;82;20/5/20;25,54
3969;67;2/8/19;18,88
3970;25;20/7/20;29,54
3971;5;5/12/17;60,35
3972;16;5/10/17;0,1
3973;55;22/6/17;55,73
3974;85;10/6/19;37,45
3975;78;19/7/17;103,21
3976;67;11/12/18;3,89
3977;61;23/2/19;11,47
3978;50;17/12/17;13,21
3979;28;8/1/20;26,25
3980;36;28/6/20;6,22
3981;8;8/1/17;24,59
3982;90;7/1/17;30,43
3983;37;21/10/17;22,02
3984;84;19/9/17;58,79
3985;89;22/5/18;17,99
3986;56;9/5/19;9,05
3987;52;11/7/20;16,94
3988;4;19/7/17;2,91
3989;80;28/7/18;45,21
3990;64;27/8/19;11,97
3991;7;1/3/18;27,26
3992;26;25/12/17;17,83
3993;3;10/1/19;34,51
3994;62;27/2/19;36,6
3995;89;11/8/19;84,16
3996;78;21/11/20;66,67
3997;21;29/7/19;19,39
3998;43;20/8/19;62,95
3999;16;27/5/17;42,5